original,status,updated_term,extraneous_text,confidence,error
Academic dissertations. rbgenr,PROPOSED,Academic dissertations,. rbgenr,0.0,
Abaca fibers (Paper) rbpap,PROPOSED,Abaca fiber papers,rbpap,0.95,
Academic dissertations New York 18th century. rbgenr,PROPOSED,Academic dissertations,New York 18th century. rbgenr,0.95,
Academic catalogues. rbgenr,PROPOSED,Academic catalogs,rbgenr,0.95,
Academic dissertations. rbmscv,PROPOSED,Academic dissertations,. rbmscv,0.0,
Accordion fold format (Binding) . rbgenr,PROPOSED,Accordion fold format,(Binding) . rbgenr,0.95,
Accordion fold format (Binding) 2007. rbbin,PROPOSED,Accordion fold format,(Binding) 2007. rbbin,0.8,
Accordion fold format (Binding) 2009. rbbin,PROPOSED,Accordion fold format,(Binding) 2009. rbbin,0.8,
Accordion fold format (Binding) 2010. rbbin,PROPOSED,Accordion fold format,(Binding) 2010. rbbin,0.85,
Accordion fold format (Binding) 2011. rbbin,PROPOSED,Accordion fold format,(Binding) 2011. rbbin,0.95,
Accordion fold format (Binding) California 21st century. rbbin,PROPOSED,Accordion fold format,(Binding) California 21st century. rbbin,0.95,
Accordion fold format (Binding) California Richmond 2013. rbgenr,PROPOSED,Accordion fold format,(Binding) California Richmond 2013. rbgenr,0.95,
Accordion fold format (Binding) Iowa Iowa City 2013. rbbin,ERROR,,,0.0,"HTTPConnectionPool(host='localhost', port=11434): Read timed out. (read timeout=300)"
Accordion fold format (Binding) rbbin,PROPOSED,Accordion fold format,(Binding) rbbin,0.95,
Accordion fold format (Binding) rbmscv,PROPOSED,Accordion fold format,(Binding) rbmscv,0.95,
Accordion fold format rbmscv,PROPOSED,Accordion fold format,rbmscv aat lcgft,0.95,
Accordion fold format. rbbin,PROPOSED,Accordion fold format,rbbin,0.95,
Accordion fold format. rbgenr,PROPOSED,Accordion fold format,. rbgenr,0.95,
Accordion fold format. rbmscv,PROPOSED,Accordion fold format,. rbmscv,0.95,
Accordion-fold format (Binding) rbbin,PROPOSED,Accordion fold format,(Binding) rbbin,0.95,
Acrostics. rbgenr,PROPOSED,Acrostics,. rbgenr,0.0,
Acrostics. rbmscv,PROPOSED,Acrostics,. rbmscv,0.0,
Acting editions England London 18th century. rbgenr,PROPOSED,Acting editions,England London 18th century. rbgenr,0.95,
Acting editions England London 20th century. rbgenr,PROPOSED,Acting editions,England London 20th century. rbgenr,1.0,
Acting editions Massachusetts Boston 19th century. rbgenr,PROPOSED,Acting editions,Massachusetts Boston 19th century. rbgenr,0.8,
Acting editions New York (State) New York 1976. rbgenr,PROPOSED,Acting editions,New York (State) New York 1976. rbgenr,0.8,
Acting editions New York (State) New York 19th century rbgenr,PROPOSED,Acting editions,New York (State) New York 19th century rbgenr,0.8,
Acting editions New York (State) New York 19th century. rbgenr,PROPOSED,Acting editions,New York (State) New York 19th century. rbgenr,0.8,
Acting editions. rbgenr,PROPOSED,Acting editions,rbgenr,0.8,
Addresses 1860. rbgenr,PROPOSED,Addresses,"rbgenr, 1860",0.95,
Addresses 1887. rbgenr,PROPOSED,Addresses,1887. Funeral addresses Academic addresses Fast-day addresses Carriers' addresses Convicts' addresses New Year addresses (Ephemera) Occasional addresses Commencement addresses Subscribers' addresses Baccalaureate addresses Congressional addresses Fourth of July addresses Thanksgiving day addresses,0.95,
Addresses 21st century. rbgenr,PROPOSED,Addresses,21st century. rbgenr,0.95,
Addresses United States 1851. rbgenr,PROPOSED,Addresses,United States 1851. rbgenr,0.9,
Addresses Vietnam (Democratic Republic) 20th century. rbgenr,PROPOSED,Half century sermons,New Year addresses (Ephemera) 20th century. rbgenr,0.0,
Addresses. rbgenr,PROPOSED,Addresses,. rbgenr,1.0,
Addresses. rbmscv http://id.loc.gov/vocabulary/rbmscv/cv00038,DELETED,,http://id.loc.gov/vocabulary/rbmscv/cv00038 aat lcgft rbpap,0.0,
Adhesive bindings (Binding) rbmscv,PROPOSED,Adhesive bindings,(Binding) rbmscv,0.95,
Adhesive bindings. rbmscv,PROPOSED,Adhesive bindings,. rbmscv,0.95,
Administrative regulations. rbgenr,PROPOSED,Administrative regulations,rbgenr,0.95,
Advance copies (Printing) 20th century. rbpri,PROPOSED,Advance copies,20th century. rbpri,0.8,
Advance copies (Printing) 21st century. rbpri CU-BANC,PROPOSED,Advance copies,(Printing) 21st century. rbpri CU-BANC,0.8,
Advance copies (Printing) rbpri,PROPOSED,Advance copies,(Printing) rbpri,0.95,
Advance copies (Printing) rbpri CtY-BR,PROPOSED,Advance copies,(Printing) rbpri CtY-BR,0.85,
Advance copies (Publishing) rbpub,PROPOSED,Advance copies,(Publishing) rbpub,0.95,
Advance copies (Publishing) rbpub CU-BANC,PROPOSED,Advance copies,(Publishing) rbpub CU-BANC,0.95,
Advance copies. rbpri,PROPOSED,Advance copies,. rbpri,0.95,
Advance copy (Printing) rbpri,PROPOSED,Advance copies,rbpri,0.95,
Advertisement United States New York 19th century. rbgenr,PROPOSED,Advertisements,United States New York 19th century. rbgenr,0.8,
Advertisements - Germany - Munich - 20th century. rbgenr,PROPOSED,Advertisements,Germany - Munich - 20th century. rbgenr,1.0,
Advertisements 20th century. rbgenr,PROPOSED,Advertisements,20th century. rbgenr,0.95,
Advertisements 20th century. rbmscv,PROPOSED,Advertisements,20th century. rbmscv,0.95,
Advertisements Artists' materials. rbgenr,PROPOSED,Advertisements,Artists' materials.,0.95,
Advertisements Auctions. rbgenr,CHANGED,,Auctions. rbgenr,0.0,
Advertisements Auctions. rbmscv,CHANGED,,rbmscv,0.0,
Advertisements Bandages and bandaging. rbgenr,PROPOSED,Advertisements,Bandages and bandaging. rbgenr,0.95,
Advertisements Bandages and bandaging. rbmscv,PROPOSED,Advertisements,Bandages and bandaging.,0.95,
Advertisements Barbers. rbgenr,REVIEW,,Barbers. rbgenr,0.0,
Advertisements Bookbinding. rbgenr,PROPOSED,Advertisements,Bookbinding. rbgenr,0.95,
Advertisements Books New York 1974. rbgenr,PROPOSED,Advertisements,Books New York 1974. rbgenr,0.8,
Advertisements Boston 19th century. rbgenr,PROPOSED,Advertisements,Boston 19th century. rbgenr,0.8,
Advertisements Brass founding. rbgenr,PROPOSED,Advertisements,Brass founding.,0.95,
Advertisements Copperwork. rbgenr,DELETED,,Copperwork. rbgenr,0.0,
Advertisements Curiosities and wonders. rbgenr,REVIEW,,Curiosities and wonders. rbgenr,0.0,
Advertisements Dentistry. rbgenr,DELETED,,Dentistry. rbgenr,0.0,
Advertisements Drugs. rbgenr,PROPOSED,Advertisements,Drugs.,0.95,
Advertisements Dry-goods. rbgenr,PROPOSED,Advertisements,Dry-goods. rbgenr,0.8,
Advertisements England Cambridge 20th century. rbgenr,PROPOSED,Advertisements,England Cambridge 20th century. rbgenr,1.0,
Advertisements England Leeds 19th century. rbgenr,PROPOSED,Advertisements,England Leeds 19th century. rbgenr,0.8,
Advertisements England Leeds 19th century. rbmscv,PROPOSED,Advertisements,England Leeds 19th century. rbmscv,0.8,
Advertisements England London 17th century. rbmscv,PROPOSED,Advertisements,England London 17th century. rbmscv,0.95,
Advertisements England London 1855. rbgenr,PROPOSED,Advertisements,England London 1855. rbgenr,0.0,
Advertisements England London 18th century. rbgenr,PROPOSED,Advertisements,England London 18th century. rbgenr,0.95,
Advertisements England London 19th century. rbgenr,PROPOSED,Advertisements,England London 19th century. rbgenr,0.8,
Advertisements England London 19th century. rbgenr PU,PROPOSED,Advertisements,England London 19th century. rbgenr PU,0.8,
Advertisements England London 19th century. rbmscv,PROPOSED,Advertisements,England London 19th century. rbmscv,0.8,
Advertisements England London 20th century. rbgenr,PROPOSED,Advertisements,England London 20th century. rbgenr,1.0,
Advertisements England London 20th century. rbmscv,PROPOSED,Advertisements,England London 20th century. rbmscv,0.8,
Advertisements Exhibitions. rbgenr,CHANGED,,Exhibitions. rbgenr,0.0,
Advertisements Exhibitions. rbmscv,DELETED,,Exhibitions. rbmscv,0.0,
Advertisements Fairs. rbgenr,PROPOSED,Advertisements,Fairs. rbgenr,0.95,
Advertisements Footwear. rbgenr,REVIEW,,Footwear,0.0,
Advertisements France Paris 19th century. rbgenr,PROPOSED,Advertisements,France Paris 19th century. rbgenr,0.8,
Advertisements France Paris 19th century. rbmscv,PROPOSED,Advertisements,France Paris 19th century. rbmscv,0.8,
Advertisements Germany Hamburg 20th century. rbgenr,PROPOSED,Advertisements,Germany Hamburg 20th century. rbgenr,1.0,
Advertisements Germany Munich 20th century. rbgenr,PROPOSED,Advertisements,Germany Munich 20th century. rbgenr,1.0,
Advertisements Germany Munich 20th century. rbmscv,PROPOSED,Advertisements,Germany Munich 20th century. rbmscv,1.0,
Advertisements Great Britain London 20th century. rbgenr,PROPOSED,Advertisements,Great Britain London 20th century. rbgenr,1.0,
Advertisements Great Britain London 20th century. rbmscv,PROPOSED,Advertisements,Great Britain London 20th century. rbmscv,1.0,
Advertisements Hardware. rbgenr,CHANGED,,Hardware. rbgenr,0.0,
Advertisements Illinois Chicago 19th century. rbgenr,PROPOSED,Advertisements,Illinois Chicago 19th century. rbgenr,0.8,
Advertisements Illinois Chicago 19th century. rbmscv,PROPOSED,Advertisements,Illinois Chicago 19th century. rbmscv,0.8,
Advertisements Ink. rbgenr,PROPOSED,Advertisements,Ink.,0.85,
Advertisements Iron. rbgenr,PROPOSED,Advertisements,Iron.,0.85,
Advertisements Jewelry. rbgenr,DELETED,,Jewelry. rbgenr,0.0,
Advertisements Libraries. rbgenr,PROPOSED,Advertisements,Libraries.,0.95,
Advertisements Lotteries. rbgenr,DELETED,,Lotteries. rbgenr,0.0,
Advertisements Maryland Baltimore 1932. rbgenr,PROPOSED,Advertisements,Maryland Baltimore 1932. rbgenr,0.8,
Advertisements Massachusetts Boston 19th century. rbgenr,PROPOSED,Advertisements,Massachusetts Boston 19th century. rbgenr,0.8,
Advertisements Massachusetts Boston 19th century. rbmscv,PROPOSED,Advertisements,Massachusetts Boston 19th century. rbmscv,0.8,
Advertisements Massachusetts Boston 20th century. rbgenr,PROPOSED,Advertisements,Massachusetts Boston 20th century. rbgenr,1.0,
Advertisements Massachussets Boston 19th century. rbgenr,PROPOSED,Advertisements,Massachussets Boston 19th century. rbgenr,0.8,
Advertisements New Jersey Newark 20th century. rbgenr,PROPOSED,Advertisements,New Jersey Newark 20th century. rbgenr,1.0,
Advertisements New York (State) 19th century. rbmscv,PROPOSED,Advertisements,"New York (State), 19th century, rbmscv",0.85,
Advertisements New York (State) 20th century. rbmscv,PROPOSED,Advertisements,New York (State) 20th century. rbmscv,1.0,
Advertisements New York (State) New York 1993. rbgenr,PROPOSED,Advertisements,New York (State) New York 1993. rbgenr,0.8,
Advertisements New York (State) New York 1997. rbgenr,PROPOSED,Advertisements,New York (State) New York 1997. rbgenr,0.8,
Advertisements New York (State) New York 19th century. rbgenr,PROPOSED,Advertisements,"New York, 19th century. rbgenr",0.85,
Advertisements New York (State) New York 19th century. rbmscv,PROPOSED,Advertisements,"New York, 19th century. rbmscv",0.8,
Advertisements New York (State) New York 20th century. rbgenr,PROPOSED,Advertisements,"New York, 20th century. rbgenr",1.0,
Advertisements New York 19th century. rbgenr,PROPOSED,Advertisements,New York 19th century. rbgenr,0.8,
Advertisements New York 20th century. rbgenr,PROPOSED,Advertisements,New York 20th century. rbgenr,1.0,
Advertisements New York New York 19th century. rbgenr,PROPOSED,Advertisements,New York New York 19th century. rbgenr,0.8,
Advertisements New York New York 20th century. rbgenr,PROPOSED,Advertisements,New York New York 20th century. rbgenr,1.0,
Advertisements New York Oneida 19th century. rbgenr,PROPOSED,Advertisements,New York Oneida 19th century. rbgenr,0.8,
Advertisements Newspapers. rbgenr,PROPOSED,Newspapers,Advertisements,0.95,
Advertisements Ohio Cincinnati 19th century. rbgenr,PROPOSED,Advertisements,Ohio Cincinnati 19th century. rbgenr,0.8,
Advertisements Painting. rbgenr,PROPOSED,Advertisements,Painting. rbgenr,0.95,
Advertisements Paper-making and trade. rbgenr,PROPOSED,Advertisements,Paper-making and trade. rbgenr,0.95,
Advertisements Patent medicines. rbgenr,PROPOSED,Advertisements,Patent medicines.,0.95,
Advertisements Pennsylvania Philadelphia 19th century. rbgenr,PROPOSED,Advertisements,Pennsylvania Philadelphia 19th century. rbgenr,0.8,
Advertisements Pennsylvania Philadelphia 19th century. rbmscv,PROPOSED,Advertisements,Pennsylvania Philadelphia 19th century. rbmscv,0.8,
Advertisements Pennsylvania Philadelphia 20th century. rbgenr,PROPOSED,Advertisements,Pennsylvania Philadelphia 20th century. rbgenr,1.0,
Advertisements Pennsylvania Philadelphia 20th century. rbmscv,PROPOSED,Advertisements,Pennsylvania Philadelphia 20th century. rbmscv,1.0,
Advertisements Plants. rbgenr,PROPOSED,Advertisements,Plants.,0.95,
Advertisements Postal service. rbgenr,PROPOSED,Advertisements,Postal service.,0.95,
Advertisements Printing. rbgenr,PROPOSED,Printing order,Advertisements,0.95,
Advertisements Real property. rbgenr,DELETED,,Real property.,0.0,
Advertisements Scotland Glasgow 20th century. rbgenr,PROPOSED,Advertisements,Scotland Glasgow 20th century. rbgenr,1.0,
Advertisements Scotland Glasgow 20th century. rbmscv,PROPOSED,Advertisements,Scotland Glasgow 20th century. rbmscv,1.0,
Advertisements Seeds. rbgenr,PROPOSED,Advertisements,Seeds. rbgenr,0.95,
Advertisements Shipping. rbgenr,CHANGED,,Shipping. rbgenr,0.0,
Advertisements Spain Madrid 20th century. rbgenr,PROPOSED,Advertisements,Spain Madrid 20th century. rbgenr,1.0,
Advertisements Stationery. rbgenr,PROPOSED,Advertisements,Stationery. rbgenr,0.95,
Advertisements Stocks. rbgenr,PROPOSED,Advertisements,Stocks.,0.85,
Advertisements Stocks. rbmscv,REVIEW,,Stocks.,0.0,
Advertisements Switzerland Zürich 20th century. rbgenr,PROPOSED,Advertisements,Switzerland Zürich 20th century. rbgenr,1.0,
Advertisements Taverns (Inns) rbgenr,PROPOSED,Advertisements,Taverns (Inns),0.95,
Advertisements United States 20th century. rbgenr,PROPOSED,Advertisements,United States 20th century. rbgenr,0.8,
Advertisements United States Boston 19th century. rbgenr,PROPOSED,Advertisements,United States Boston 19th century. rbgenr,0.8,
Advertisements United States Boston 19th century. rbmscv,PROPOSED,Advertisements,United States Boston 19th century. rbmscv,0.8,
Advertisements United States Boston 20th century. rbgenr,PROPOSED,Advertisements,United States Boston 20th century. rbgenr,1.0,
Advertisements United States Boston 20th century. rbmscv,PROPOSED,Advertisements,United States Boston 20th century. rbmscv,1.0,
Advertisements United States New York 19th century. rbgenr,PROPOSED,Advertisements,United States New York 19th century. rbgenr,0.8,
Advertisements United States New York 19th century. rbmscv,PROPOSED,Advertisements,United States New York 19th century. rbmscv,0.8,
Advertisements United States New York 20th century. rbgenr,PROPOSED,Advertisements,United States New York 20th century. rbgenr,1.0,
Advertisements United States Pasadena 20th century. rbgenr,PROPOSED,Advertisements,United States Pasadena 20th century. rbgenr,1.0,
Advertisements United States Pasadena 20th century. rbmscv,PROPOSED,Advertisements,United States Pasadena 20th century. rbmscv,1.0,
Advertisements. rbgenr,PROPOSED,Advertisements,rbgenr,0.95,
Advertisements. rbmscv,PROPOSED,Advertisements,rbmscv,0.95,
Advertisemnets New York (State) 20th century. rbmscv,REVIEW,,Advertisemnets New York (State) 20th century. rbmscv Limitation statements Half century sermons Century sermons,0.0,
Advertisemnts United States New York 20th century. rbgenr,CHANGED,,Half century sermons,0.0,
Advertisemnts United States New York 20th century. rbmscv,PROPOSED,Century sermons,Advertisemnts United States New York 20th century.,0.85,
Advertisments (Publishing) rbpub,CHANGED,,rbpub,0.0,
Advertisments Germany Munich 20th century. rbgenr,PROPOSED,Century sermons,Germany Munich 20th century. rbgenr,0.8,
Allegories. rbgenr,PROPOSED,Allegories,. rbgenr,0.0,
Almanacs Connecticut 1756. rbgenr,PROPOSED,Almanacs,Connecticut 1756. rbgenr,0.0,
Almanacs Connecticut 1757. rbgenr,PROPOSED,Almanacs,Connecticut 1757. rbgenr,0.0,
Almanacs Connecticut 1758. rbgenr,PROPOSED,Almanacs,Connecticut 1758. rbgenr,0.0,
Almanacs Connecticut 1768. rbgenr,PROPOSED,Almanacs,Connecticut 1768. rbgenr,0.0,
Almanacs Connecticut 1769. rbgenr,PROPOSED,Almanacs,Connecticut 1769. rbgenr,0.0,
Almanacs Connecticut 1770. rbgenr,PROPOSED,Almanacs,Connecticut 1770. rbgenr,0.0,
Almanacs Connecticut 1771. rbgenr,PROPOSED,Almanacs,Connecticut 1771. rbgenr,0.0,
Almanacs Connecticut 1772. rbgenr,PROPOSED,Almanacs,Connecticut 1772. rbgenr,0.0,
Almanacs Connecticut 1773. rbgenr,PROPOSED,Almanacs,Connecticut 1773. rbgenr,0.0,
Almanacs Connecticut 1774. rbgenr,PROPOSED,Almanacs,Connecticut 1774. rbgenr,0.0,
Almanacs Connecticut 1782. rbgenr,PROPOSED,Almanacs,Connecticut 1782. rbgenr,0.0,
Almanacs Connecticut 1783. rbgenr,PROPOSED,Almanacs,Connecticut 1783. rbgenr,0.0,
Almanacs Connecticut 1788. rbgenr,ERROR,,,0.0,"HTTPConnectionPool(host='localhost', port=11434): Read timed out. (read timeout=300)"
Almanacs Connecticut 1789. rbgenr,ERROR,,,0.0,"HTTPConnectionPool(host='localhost', port=11434): Read timed out. (read timeout=300)"
Almanacs Connecticut 1790. rbgenr,ERROR,,,0.0,"HTTPConnectionPool(host='localhost', port=11434): Read timed out. (read timeout=300)"
Almanacs Connecticut 1791. rbgenr,ERROR,,,0.0,"HTTPConnectionPool(host='localhost', port=11434): Read timed out. (read timeout=300)"
Almanacs Connecticut 1799. rbgenr,ERROR,,,0.0,"HTTPConnectionPool(host='localhost', port=11434): Read timed out. (read timeout=300)"
Almanacs Connecticut 1800. rbgenr,ERROR,,,0.0,"HTTPConnectionPool(host='localhost', port=11434): Read timed out. (read timeout=300)"
Almanacs District of Columbia 1798. rbgenr,ERROR,,,0.0,"HTTPConnectionPool(host='localhost', port=11434): Read timed out. (read timeout=300)"
Almanacs England London 17th century Manuscripts Facsimiles. rbgenr,PROPOSED,Pen facsimiles,"Half century sermons, 17th century, England, London, Manuscripts, rbgenr",0.85,
Almanacs Maryland 1797. rbgenr,ERROR,,,0.0,"HTTPConnectionPool(host='localhost', port=11434): Read timed out. (read timeout=300)"
Almanacs Massachusetts 1685. rbgenr,ERROR,,,0.0,"HTTPConnectionPool(host='localhost', port=11434): Read timed out. (read timeout=300)"
Almanacs Massachusetts 1690. rbgenr,ERROR,,,0.0,"HTTPConnectionPool(host='localhost', port=11434): Read timed out. (read timeout=300)"
Almanacs Massachusetts 1691. rbgenr,ERROR,,,0.0,"HTTPConnectionPool(host='localhost', port=11434): Read timed out. (read timeout=300)"
Almanacs Massachusetts 1692. rbgenr,ERROR,,,0.0,"HTTPConnectionPool(host='localhost', port=11434): Read timed out. (read timeout=300)"
Almanacs Massachusetts 1693. rbgenr,ERROR,,,0.0,"HTTPConnectionPool(host='localhost', port=11434): Read timed out. (read timeout=300)"
Almanacs Massachusetts 1696. rbgenr,ERROR,,,0.0,"HTTPConnectionPool(host='localhost', port=11434): Read timed out. (read timeout=300)"
Almanacs Massachusetts 1697. rbgenr,ERROR,,,0.0,"HTTPConnectionPool(host='localhost', port=11434): Read timed out. (read timeout=300)"
Almanacs Massachusetts 1698. rbgenr,ERROR,,,0.0,"HTTPConnectionPool(host='localhost', port=11434): Read timed out. (read timeout=300)"
Almanacs Massachusetts 1699. rbgenr,ERROR,,,0.0,"HTTPConnectionPool(host='localhost', port=11434): Read timed out. (read timeout=300)"
Almanacs Massachusetts 1702. rbgenr,ERROR,,,0.0,"HTTPConnectionPool(host='localhost', port=11434): Read timed out. (read timeout=300)"
Almanacs Massachusetts 1706. rbgenr,ERROR,,,0.0,"HTTPConnectionPool(host='localhost', port=11434): Read timed out. (read timeout=300)"
Almanacs Massachusetts 1707. rbgenr,ERROR,,,0.0,"HTTPConnectionPool(host='localhost', port=11434): Read timed out. (read timeout=300)"
Almanacs Massachusetts 1709. rbgenr,ERROR,,,0.0,"HTTPConnectionPool(host='localhost', port=11434): Read timed out. (read timeout=300)"
Almanacs Massachusetts 1710. rbgenr,ERROR,,,0.0,"HTTPConnectionPool(host='localhost', port=11434): Read timed out. (read timeout=300)"
Almanacs Massachusetts 1711. rbgenr,ERROR,,,0.0,"HTTPConnectionPool(host='localhost', port=11434): Read timed out. (read timeout=300)"
Almanacs Massachusetts 1712. rbgenr,ERROR,,,0.0,"HTTPConnectionPool(host='localhost', port=11434): Read timed out. (read timeout=300)"
Almanacs Massachusetts 1713. rbgenr,ERROR,,,0.0,"HTTPConnectionPool(host='localhost', port=11434): Read timed out. (read timeout=300)"
Almanacs Massachusetts 1715. rbgenr,ERROR,,,0.0,"HTTPConnectionPool(host='localhost', port=11434): Read timed out. (read timeout=300)"
Almanacs Massachusetts 1716. rbgenr,ERROR,,,0.0,"HTTPConnectionPool(host='localhost', port=11434): Read timed out. (read timeout=300)"
Almanacs Massachusetts 1717. rbgenr,ERROR,,,0.0,"HTTPConnectionPool(host='localhost', port=11434): Read timed out. (read timeout=300)"
Almanacs Massachusetts 1718. rbgenr,ERROR,,,0.0,"HTTPConnectionPool(host='localhost', port=11434): Read timed out. (read timeout=300)"
Almanacs Massachusetts 1719. rbgenr,ERROR,,,0.0,"HTTPConnectionPool(host='localhost', port=11434): Read timed out. (read timeout=300)"
Almanacs Massachusetts 1720. rbgenr,ERROR,,,0.0,"HTTPConnectionPool(host='localhost', port=11434): Read timed out. (read timeout=300)"
Almanacs Massachusetts 1721. rbgenr,ERROR,,,0.0,"HTTPConnectionPool(host='localhost', port=11434): Read timed out. (read timeout=300)"
Almanacs Massachusetts 1722. rbgenr,ERROR,,,0.0,"HTTPConnectionPool(host='localhost', port=11434): Read timed out. (read timeout=300)"
Almanacs Massachusetts 1723. rbgenr,ERROR,,,0.0,"HTTPConnectionPool(host='localhost', port=11434): Read timed out. (read timeout=300)"
Almanacs Massachusetts 1751. rbgenr,ERROR,,,0.0,"HTTPConnectionPool(host='localhost', port=11434): Read timed out. (read timeout=300)"
Almanacs Massachusetts 1755. rbgenr,PROPOSED,Almanacs,Massachusetts 1755. rbgenr,0.0,
Almanacs Massachusetts 1760. rbgenr,PROPOSED,Almanacs,Massachusetts 1760. rbgenr,0.0,
Almanacs Massachusetts 1761. rbgenr,PROPOSED,Almanacs,Massachusetts 1761. rbgenr,0.0,
Almanacs Massachusetts 1762. rbgenr,PROPOSED,Almanacs,Massachusetts 1762. rbgenr,0.0,
Almanacs Massachusetts 1764. rbgenr,PROPOSED,Almanacs,Massachusetts 1764. rbgenr,0.0,
Almanacs Massachusetts 1765. rbgenr,PROPOSED,Almanacs,Massachusetts 1765. rbgenr,0.0,
Almanacs Massachusetts 1766. rbgenr,PROPOSED,Almanacs,Massachusetts 1766. rbgenr,0.0,
Almanacs Massachusetts 1767. rbgenr,PROPOSED,Almanacs,Massachusetts 1767. rbgenr,0.0,
Almanacs Massachusetts 1769. rbgenr,PROPOSED,Almanacs,Massachusetts 1769. rbgenr,0.0,
Almanacs Massachusetts 1770. rbgenr,PROPOSED,Almanacs,Massachusetts 1770. rbgenr,0.0,
Almanacs Massachusetts 1771. rbgenr,PROPOSED,Almanacs,Massachusetts 1771. rbgenr,0.0,
Almanacs Massachusetts 1772. rbgenr,PROPOSED,Almanacs,Massachusetts 1772. rbgenr,0.0,
Almanacs Massachusetts 1773. rbgenr,PROPOSED,Almanacs,Massachusetts 1773. rbgenr,0.0,
Almanacs Massachusetts 1774. rbgenr,PROPOSED,Almanacs,Massachusetts 1774. rbgenr,0.0,
Almanacs Massachusetts 1775. rbgenr,PROPOSED,Almanacs,Massachusetts 1775. rbgenr,0.0,
Almanacs Massachusetts 1776. rbgenr,PROPOSED,Almanacs,Massachusetts 1776. rbgenr,0.0,
Almanacs Massachusetts 1777. rbgenr,PROPOSED,Almanacs,Massachusetts 1777. rbgenr,0.0,
Almanacs Massachusetts 1779. rbgenr,PROPOSED,Almanacs,Massachusetts 1779. rbgenr,0.0,
Almanacs Massachusetts 1780. rbgenr,PROPOSED,Almanacs,Massachusetts 1780. rbgenr,0.0,
Almanacs Massachusetts 1781. rbgenr,PROPOSED,Almanacs,Massachusetts 1781. rbgenr,0.0,
Almanacs Massachusetts 1782. rbgenr,PROPOSED,Almanacs,Massachusetts 1782. rbgenr,0.0,
Almanacs Massachusetts 1783. rbgenr,PROPOSED,Almanacs,Massachusetts 1783. rbgenr,0.0,
Almanacs Massachusetts 1784. rbgenr,PROPOSED,Almanacs,Massachusetts 1784. rbgenr,0.0,
Almanacs Massachusetts 1785. rbgenr,PROPOSED,Almanacs,Massachusetts 1785. rbgenr,0.0,
Almanacs Massachusetts 1786. rbgenr,PROPOSED,Almanacs,Massachusetts 1786. rbgenr,0.0,
Almanacs Massachusetts 1787. rbgenr,PROPOSED,Almanacs,Massachusetts 1787. rbgenr,0.0,
Almanacs Massachusetts 1788. rbgenr,PROPOSED,Almanacs,Massachusetts 1788. rbgenr,0.0,
Almanacs Massachusetts 1789. rbgenr,PROPOSED,Almanacs,Massachusetts 1789. rbgenr,0.0,
Almanacs Massachusetts 1790. rbgenr,PROPOSED,Almanacs,Massachusetts 1790. rbgenr,0.0,
Almanacs Massachusetts 1791. rbgenr,PROPOSED,Almanacs,Massachusetts 1791. rbgenr,0.0,
Almanacs Massachusetts 1792. rbgenr,PROPOSED,Almanacs,Massachusetts 1792. rbgenr,0.0,
Almanacs Massachusetts 1793. rbgenr,PROPOSED,Almanacs,Massachusetts 1793. rbgenr,0.0,
Almanacs Massachusetts 1794. rbgenr,PROPOSED,Almanacs,Massachusetts 1794. rbgenr,0.0,
Almanacs Massachusetts 1795. rbgenr,PROPOSED,Almanacs,Massachusetts 1795. rbgenr,0.0,
Almanacs Massachusetts 1796. rbgenr,PROPOSED,Almanacs,Massachusetts 1796. rbgenr,0.0,
Almanacs Massachusetts 1797. rbgenr,PROPOSED,Almanacs,Massachusetts 1797. rbgenr,0.0,
Almanacs Massachusetts 1799. rbgenr,PROPOSED,Almanacs,Massachusetts 1799. rbgenr,0.0,
Almanacs Massachusetts 19th century. rbgenr,PROPOSED,Almanacs,Massachusetts 19th century. rbgenr,0.8,
Almanacs New Hampshire 1759. rbgenr,PROPOSED,Almanacs,New Hampshire 1759. rbgenr,0.0,
Almanacs New Hampshire 1771. rbgenr,PROPOSED,Almanacs,New Hampshire 1771. rbgenr,0.0,
Almanacs New Hampshire 1788. rbgenr,PROPOSED,Almanacs,New Hampshire 1788. rbgenr,0.0,
Almanacs New Hampshire 1796. rbgenr,PROPOSED,Almanacs,New Hampshire 1796. rbgenr,0.0,
Almanacs New Jersey 1787. rbgenr,PROPOSED,Almanacs,New Jersey 1787. rbgenr,0.0,
Almanacs New Jersey 1789. rbgenr,PROPOSED,Almanacs,New Jersey 1789. rbgenr,0.0,
Almanacs New Jersey 1798. rbgenr,PROPOSED,Almanacs,New Jersey 1798. rbgenr,0.0,
Almanacs New Jersey 1799. rbgenr,PROPOSED,Almanacs,New Jersey 1799. rbgenr,0.0,
Almanacs New Jersey 1800. rbgenr,PROPOSED,Almanacs,New Jersey 1800. rbgenr,0.0,
Almanacs New York (State) 1694. rbgenr,PROPOSED,Almanacs,New York (State) 1694. rbgenr,0.0,
Almanacs New York (State) 1695. rbgenr,PROPOSED,Almanacs,New York (State) 1695. rbgenr,0.8,
Almanacs New York (State) 1696. rbgenr,PROPOSED,Almanacs,New York (State) 1696. rbgenr,0.8,
Almanacs New York (State) 1698. rbgenr,PROPOSED,Almanacs,New York (State) 1698. rbgenr,0.0,
Almanacs New York (State) 1699. rbgenr,PROPOSED,Almanacs,New York (State) 1699. rbgenr,0.8,
Almanacs New York (State) 1700. rbgenr,PROPOSED,Almanacs,New York (State) 1700. rbgenr,0.8,
Almanacs New York (State) 1718. rbgenr,PROPOSED,Almanacs,New York (State) 1718. rbgenr,0.95,
Almanacs New York (State) 1719. rbgenr,PROPOSED,Almanacs,New York (State) 1719. rbgenr,0.8,
Almanacs New York (State) 1720. rbgenr,PROPOSED,Almanacs,New York (State) 1720. rbgenr,0.95,
Almanacs New York (State) 1724. rbgenr,PROPOSED,Almanacs,New York (State) 1724. rbgenr,0.8,
Almanacs New York (State) 1727. rbgenr,PROPOSED,Almanacs,New York (State) 1727. rbgenr,0.8,
Almanacs New York (State) 1730. rbgenr,PROPOSED,Almanacs,New York (State) 1730. rbgenr,0.8,
Almanacs New York (State) 1759. rbgenr,PROPOSED,Almanacs,New York (State) 1759. rbgenr,0.8,
Almanacs New York (State) 1766. rbgenr,PROPOSED,Almanacs,New York (State) 1766. rbgenr,0.95,
Almanacs New York (State) 1774. rbgenr,PROPOSED,Almanacs,New York (State) 1774. rbgenr,0.95,
Almanacs New York (State) 1789. rbgenr,PROPOSED,Almanacs,New York (State) 1789. rbgenr,0.0,
Almanacs New York (State) 1793. rbgenr,PROPOSED,Almanacs,New York (State) 1793. rbgenr,0.8,
Almanacs New York (State) 1795. rbgenr,PROPOSED,Almanacs,New York (State) 1795. rbgenr,0.8,
Almanacs New York (State) 1796. rbgenr,PROPOSED,Almanacs,New York (State) 1796. rbgenr,0.8,
Almanacs New York (State) 1797. rbgenr,PROPOSED,Almanacs,New York (State) 1797. rbgenr,0.8,
Almanacs New York (State) 1798. rbgenr,PROPOSED,Almanacs,New York (State) 1798. rbgenr,0.0,
Almanacs New York (State) 1800. rbgenr,PROPOSED,Almanacs,New York (State) 1800. rbgenr,0.0,
Almanacs New York (State) 1801. rbgenr,PROPOSED,Almanacs,New York (State) 1801. rbgenr,0.95,
Almanacs North Carolina 1795. rbgenr,PROPOSED,Almanacs,North Carolina 1795. rbgenr,0.0,
Almanacs Pennsylvania 1687. rbgenr,PROPOSED,Almanacs,Pennsylvania 1687. rbgenr,0.0,
Almanacs Pennsylvania 1700. rbgenr,PROPOSED,Almanacs,Pennsylvania 1700. rbgenr,0.0,
Almanacs Pennsylvania 1717. rbgenr,PROPOSED,Almanacs,Pennsylvania 1717. rbgenr,0.0,
Almanacs Pennsylvania 1721. rbgenr,PROPOSED,Almanacs,Pennsylvania 1721. rbgenr,0.0,
Almanacs Pennsylvania 1744. rbgenr,PROPOSED,Almanacs,Pennsylvania 1744. rbgenr,0.0,
Almanacs Pennsylvania 1753. rbgenr,PROPOSED,Almanacs,Pennsylvania 1753. rbgenr,0.0,
Almanacs Pennsylvania 1755. rbgenr,PROPOSED,Almanacs,Pennsylvania 1755. rbgenr,0.0,
Almanacs Pennsylvania 1774. rbgenr,PROPOSED,Almanacs,Pennsylvania 1774. rbgenr,0.0,
Almanacs Pennsylvania 1782. rbgenr,PROPOSED,Almanacs,Pennsylvania 1782. rbgenr,0.0,
Almanacs Pennsylvania 1783. rbgenr,PROPOSED,Almanacs,Pennsylvania 1783. rbgenr,0.0,
Almanacs Pennsylvania 1793. rbgenr,PROPOSED,Almanacs,Pennsylvania 1793. rbgenr,0.0,
Almanacs Pennsylvania 1794. rbgenr,PROPOSED,Almanacs,Pennsylvania 1794. rbgenr,0.0,
Almanacs Pennsylvania 1795. rbgenr,PROPOSED,Almanacs,Pennsylvania 1795. rbgenr,0.0,
Almanacs Pennsylvania 1796. rbgenr,PROPOSED,Almanacs,Pennsylvania 1796. rbgenr,0.0,
Almanacs Pennsylvania 1797. rbgenr,PROPOSED,Almanacs,Pennsylvania 1797. rbgenr,0.0,
Almanacs Pennsylvania 1798. rbgenr,PROPOSED,Almanacs,Pennsylvania 1798. rbgenr,0.0,
Almanacs Rhode Island 1771. rbgenr,PROPOSED,Almanacs,Rhode Island 1771. rbgenr,0.0,
Almanacs Rhode Island 1781. rbgenr,PROPOSED,Almanacs,Rhode Island 1781. rbgenr,0.0,
Almanacs Rhode Island 1786. rbgenr,PROPOSED,Almanacs,Rhode Island 1786. rbgenr,0.0,
Almanacs Rhode Island 1788. rbgenr,PROPOSED,Almanacs,Rhode Island 1788. rbgenr,0.0,
Almanacs Rhode Island 1790. rbgenr,PROPOSED,Almanacs,Rhode Island 1790. rbgenr,0.0,
Almanacs Rhode Island 1792. rbgenr,PROPOSED,Almanacs,Rhode Island 1792. rbgenr,0.0,
Almanacs Rhode Island 1793. rbgenr,PROPOSED,Almanacs,Rhode Island 1793. rbgenr,0.8,
Almanacs Rhode Island 1794. rbgenr,PROPOSED,Almanacs,Rhode Island 1794. rbgenr,0.0,
Almanacs Rhode Island 1796. rbgenr,PROPOSED,Almanacs,Rhode Island 1796. rbgenr,0.0,
Almanacs Rhode Island 1797. rbgenr,PROPOSED,Almanacs,Rhode Island 1797. rbgenr,0.0,
Almanacs Rhode Island 1800. rbgenr,PROPOSED,Almanacs,Rhode Island 1800. rbgenr,0.95,
Almanacs Rhode Island 1801. rbgenr,PROPOSED,Almanacs,Rhode Island 1801. rbgenr,0.0,
Almanacs South Carolina 1800. rbgenr,PROPOSED,Almanacs,South Carolina 1800. rbgenr,0.0,
Almanacs Vermont 1791. rbgenr,PROPOSED,Almanacs,Vermont 1791. rbgenr,0.0,
Almanacs Virginia 1732. rbgenr,PROPOSED,Almanacs,Virginia 1732. rbgenr,0.0,
Almanacs Virginia 1742. rbgenr,PROPOSED,Almanacs,Virginia 1742. rbgenr,0.0,
Almanacs Virginia 1765. rbgenr,PROPOSED,Almanacs,Virginia 1765. rbgenr,0.0,
Almanacs Virginia 1768. rbgenr,PROPOSED,Almanacs,Virginia 1768. rbgenr,0.0,
Almanacs Virginia 1779. rbgenr,PROPOSED,Almanacs,Virginia 1779. rbgenr,0.0,
Almanacs Virginia 1783. rbgenr,PROPOSED,Almanacs,Virginia 1783. rbgenr,0.0,
Almanacs Virginia 1784. rbgenr,PROPOSED,Almanacs,Virginia 1784. rbgenr,0.95,
Almanacs Virginia 1791. rbgenr,PROPOSED,Almanacs,Virginia 1791. rbgenr,0.0,
Almanacs Virginia 1793. rbgenr,PROPOSED,Almanacs,Virginia 1793. rbgenr,0.0,
Almanacs Virginia 1795. rbgenr,PROPOSED,Almanacs,Virginia 1795. rbgenr,0.0,
Almanacs Virginia 1796. rbgenr,PROPOSED,Almanacs,Virginia 1796. rbgenr,0.0,
Almanacs Virginia 1798. rbgenr,PROPOSED,Almanacs,Virginia 1798. rbgenr,0.0,
Almanacs. rbgenr,PROPOSED,Almanacs,. rbgenr,0.0,
Alphabet books 1785. rbgenr,PROPOSED,Alphabet books,1785. rbgenr,0.95,
Alphabet books 1785. rbmscv,PROPOSED,Alphabet books,1785. rbmscv,0.95,
Alphabet books 1788. rbgenr,PROPOSED,Alphabet books,1788. rbgenr,0.95,
Alphabet books 1788. rbmscv,PROPOSED,Alphabet books,1788. rbmscv,0.95,
Alphabet books 1794. rbgenr,PROPOSED,Alphabet books,1794. rbgenr,0.85,
Alphabet books 1944. rbgenr,PROPOSED,Alphabet books,1944. rbgenr,0.85,
Alphabet books 1972. rbgenr,PROPOSED,Alphabet books,1972. rbgenr,0.85,
Alphabet books 1973. rbgenr,PROPOSED,Alphabet books,1973. rbgenr,0.85,
Alphabet books 1974. rbgenr,PROPOSED,Alphabet books,1974. rbgenr,0.85,
Alphabet books 1986. rbgenr,PROPOSED,Alphabet books,1986. rbgenr,0.0,
Alphabet books 1987. rbgenr,PROPOSED,Alphabet books,1987. rbgenr,0.0,
Alphabet books 1989. rbgenr,PROPOSED,Alphabet books,1989. rbgenr,0.0,
Alphabet books 1990. rbgenr,PROPOSED,Alphabet books,1990. rbgenr,0.85,
Alphabet books 1995. rbgenr,PROPOSED,Alphabet books,1995. rbgenr,0.8,
Alphabet books 2008. rbgenr,PROPOSED,Alphabet books,2008. rbgenr,1.0,
Alphabet books Massachusetts Boston 2004. rbgenr,PROPOSED,Alphabet books,Massachusetts Boston 2004. rbgenr,1.0,
Alphabet books New York (State) New York 1974. rbgenr,PROPOSED,Alphabet books,New York (State) New York 1974. rbgenr,0.8,
Alphabet books. rbgenr,PROPOSED,Alphabet books,. rbgenr,1.0,
Alphabet books. rbmscv,PROPOSED,Alphabet books,. rbmscv,1.0,
Alphabet rhymes 1973. rbgenr,PROPOSED,Alphabet rhymes,1973. rbgenr,0.85,
Alphabet rhymes Massachusetts Boston 1987. rbgenr,PROPOSED,Alphabet rhymes,Massachusetts Boston 1987. rbgenr,0.0,
Alphabets (Primers) 1787. rbgenr,REVIEW,,aat lcgft rbpap,0.0,
Alphabets (Primers) 1800. rbgenr,REVIEW,,aat lcgft rbpap,0.0,
Alum tawed thongs (Binding) rbbin,PROPOSED,Alum tawed thongs (Bindings),(rbbin),0.85,
Anatomical atlases rbgenr,PROPOSED,Anatomical atlases,rbgenr,0.95,
Anatomical atlases. rbgenr,PROPOSED,Anatomical atlases,rbgenr,0.95,
Anniversary sermons 1775. rbgenr,PROPOSED,Anniversary sermons,1775. rbgenr,0.9,
Anniversary sermons 1778. rbgenr,PROPOSED,Anniversary sermons,1778. rbgenr,0.95,
Annotations (Provenance) 17th century. rbprov MMeT,PROPOSED,Annotations,rbprov MMeT,0.95,
Annotations (Provenance) 18th century. rbprov MMeT,PROPOSED,Annotations,Provenance 18th century. rbprov MMeT,0.95,
Annotations (Provenance) 20th century. rbprov MMeT,PROPOSED,Annotations,Provenance 20th century. rbprov MMeT,0.95,
Annotations (Provenance) rbprov,PROPOSED,Annotations,rbprov aat lcgft,0.8,
Annotations (Provenance) rbprov MMeT,PROPOSED,Annotations,(Provenance) rbprov MMeT,0.8,
Annotations (Provenance). rbprov,PROPOSED,Annotations,rbprov,0.0,
Annotations (Provenance). rbprov MMeT,PROPOSED,Annotations,rbprov MMeT,0.95,
Annotations 21st century. rbgenr,PROPOSED,Annotations,21st century. rbgenr,0.8,
Annotations. rbmscv,PROPOSED,Annotations,rbmscv,0.95,
Annotations. rbmscv MMeT,PROPOSED,Annotations,rbmscv MMeT,0.95,
Annual reports. rbgenr,PROPOSED,Annual reports,. rbgenr,0.0,
Anthologies California Los Angeles 20th century. rbgenr,PROPOSED,Anthologies,California Los Angeles 20th century. rbgenr,1.0,
Anthologies England 17th century. rbgenr,PROPOSED,Anthologies,England 17th century. rbgenr,0.0,
Anthologies England London 1965. rbgenr,PROPOSED,Anthologies,England London 1965. rbgenr,0.0,
