655 - Local Param 04,BIB 008 MARC,MMS Id,Lifecycle,Lifecycle2
 Abaca fibers (Paper) rbpap,180906s2017####gw#a##########000#0#ger#d,991017696045103851,In Repository,Active
 Academic catalogues. rbgenr,071027s2008####enkah####bc###001#0#eng#d,991001548869703851,In Repository,Active
 Academic dissertations New York 18th century. rbgenr,831220s1797####nyu#####b#####000#0#eng#d,991006821579703851,In Repository,Deleted
 Academic dissertations. rbgenr,810407s1799####nhu#####b#####000#0#eng#d,991006825449703851,In Repository,Deleted
 Academic dissertations. rbgenr,811117s1794####pau#####b#####000#0#eng#d,991006231309703851,In Repository,Deleted
 Academic dissertations. rbgenr,820122s1794####nyu#####b#####000#0#eng#d,991006818129703851,In Repository,Deleted
 Academic dissertations. rbgenr,820615s1796####nyu#####b#####000#0#eng#d,991006818409703851,In Repository,Deleted
 Academic dissertations. rbgenr,820709s1793####pau#####b#####000#0#eng#d,991006812399703851,In Repository,Deleted
 Academic dissertations. rbgenr,830406s1792####pau#####b#####000#0#lat#d,991006158929703851,In Repository,Deleted
 Academic dissertations. rbgenr,830610s1800####pau#####b#####000#0#eng#d,991006581419703851,In Repository,Deleted
 Academic dissertations. rbgenr,830705s1792####nyu#####b#####000#0#eng#d,991006037739703851,In Repository,Deleted
 Academic dissertations. rbgenr,830816s1793####nyu#####b#####000#0#eng#d,991006814269703851,In Repository,Deleted
 Academic dissertations. rbgenr,840130s1795####nyu#####b#####000#0#eng#d,991006818329703851,In Repository,Deleted
 Academic dissertations. rbgenr,810320s1794####nyu#####b#####000#0#eng#d,991006818009703851,In Repository,Deleted
 Academic dissertations. rbgenr,810427s1800####pau#####b#####000#0#eng#d,991006825659703851,In Repository,Deleted
 Academic dissertations. rbgenr,811130s1794####pau#####b#####000#0#eng#d,991006492859703851,In Repository,Deleted
 Academic dissertations. rbgenr,820218s1800####pau#####b#####000#0#eng#d,991006490419703851,In Repository,Deleted
 Academic dissertations. rbgenr,820326s1789####mau#####b#####000#0#eng#d,991006141159703851,In Repository,Deleted
 Academic dissertations. rbgenr,820524s1797####pau#####b#####000#0#eng#d,991006528379703851,In Repository,Deleted
 Academic dissertations. rbgenr,820524s1799####pau#####b#####000#0#eng#d,991006825579703851,In Repository,Deleted
 Academic dissertations. rbgenr,820525s1797####pau#####b#####000#0#eng#d,991006823379703851,In Repository,Deleted
 Academic dissertations. rbgenr,820709s1795####nyu#####b#####000#0#eng#d,991006818279703851,In Repository,Deleted
 Academic dissertations. rbgenr,820825s1796####pau#####b#####000#0#eng#d,991006818509703851,In Repository,Deleted
 Academic dissertations. rbgenr,820901s1798####pau#####b#####000#0#eng#d,991006490689703851,In Repository,Deleted
 Academic dissertations. rbgenr,820930s1799####pau#####b#####000#0#eng#d,991006825619703851,In Repository,Deleted
 Academic dissertations. rbgenr,821025s1791####pau#####b#####000#0#eng#d,991007178749703851,In Repository,Deleted
 Academic dissertations. rbgenr,830617s1798####pau#####b#####000#0#eng#d,991006490149703851,In Repository,Deleted
 Academic dissertations. rbgenr,830830s1797####pau#####b#####000#0#eng#d,991006907969703851,In Repository,Deleted
 Academic dissertations. rbgenr,811130s1791####pau#####b#####000#0#eng#d,991006812189703851,In Repository,Deleted
 Academic dissertations. rbgenr,820114s1800####pau#####b#####000#0#eng#d,991006821949703851,In Repository,Deleted
 Academic dissertations. rbgenr,820510s1798####pau#####b#####000#0#eng#d,991006704039703851,In Repository,Deleted
 Academic dissertations. rbgenr,820513s1797####nyu#####b#####000#0#eng#d,991006825289703851,In Repository,Deleted
 Academic dissertations. rbgenr,820518s1793####pau#####b#####000#0#eng#d,991006814169703851,In Repository,Deleted
 Academic dissertations. rbgenr,820524s1800####pau#####b#####000#0#eng#d,991006490779703851,In Repository,Deleted
 Academic dissertations. rbgenr,820525s1792####pau#####b#####000#0#eng#d,991006812309703851,In Repository,Deleted
 Academic dissertations. rbgenr,820623s1789####pau#####b#####000#0#lat#d,991006975719703851,In Repository,Deleted
 Academic dissertations. rbgenr,820930s1797####pau#####b#####000#0#eng#d,991006804769703851,In Repository,Deleted
 Academic dissertations. rbgenr,821222s1800####pau#####b#####000#0#eng#d,991006907839703851,In Repository,Deleted
 Academic dissertations. rbgenr,821230s1791####nyu#####b#####000#0#eng#d,991006975749703851,In Repository,Deleted
 Academic dissertations. rbgenr,821230s1798####pau#####b#####000#0#eng#d,991006823539703851,In Repository,Deleted
 Academic dissertations. rbgenr,830104s1795####nyu#####b#####000#0#eng#d,991006818299703851,In Repository,Deleted
 Academic dissertations. rbgenr,830111s1800####pau#####b#####000#0#eng#d,991006825699703851,In Repository,Deleted
 Academic dissertations. rbgenr,830407s1797####pau#####b#####000#0#eng#d,991006484379703851,In Repository,Deleted
 Academic dissertations. rbgenr,830506s1798####pau#####b#####000#0#eng#d,991006883199703851,In Repository,Deleted
 Academic dissertations. rbgenr,830728s1797####pau#####b#####000#0#eng#d,991006232539703851,In Repository,Deleted
 Academic dissertations. rbgenr,830804s1793####pau#####b#####000#0#eng#d,991006814239703851,In Repository,Deleted
 Academic dissertations. rbgenr,840215s1799####pau#####b#####000#0#eng#d,991006825479703851,In Repository,Deleted
 Academic dissertations. rbgenr,850214s1798####pau#####b#####000#0#eng#d,991006907929703851,In Repository,Deleted
 Academic dissertations. rbgenr,850214s1799####pauf####b#####000#0#eng#d,991006825519703851,In Repository,Deleted
 Academic dissertations. rbgenr,850226s1791####pau#####b#####000#0#eng#d,991006812139703851,In Repository,Deleted
 Academic dissertations. rbgenr,850226s1797####deu#####b#####000#0#eng#d,991006908199703851,In Repository,Deleted
 Academic dissertations. rbgenr,850306s1797####pau#####b#####000#0#eng#d,991006907879703851,In Repository,Deleted
 Academic dissertations. rbgenr,850308s1795####pau#####b#####000#0#eng#d,991006818369703851,In Repository,Deleted
 Academic dissertations. rbgenr,830606s1793####nyu#####b#####000#0#eng#d,991006845939703851,In Repository,Deleted
 Academic dissertations. rbgenr,840214s1792####pau#####b#####000#0#eng#d,991006812369703851,In Repository,Deleted
 Academic dissertations. rbgenr,810715s1793####nyu#####b#####000#0#eng#d,991006813999703851,In Repository,Deleted
 Academic dissertations. rbgenr,830812s1797####pau#####b#####000#0#eng#d,991006821619703851,In Repository,Deleted
 Academic dissertations. rbgenr,830823s1797####pau#####b#####000#0#eng#d,991006232559703851,In Repository,Deleted
 Academic dissertations. rbgenr,820222s1793####nyu#####b#####000#0#eng#d,991006814129703851,In Repository,Deleted
 Academic dissertations. rbgenr,821208s1795####pauaf###b#####000#0#eng#d,991006907729703851,In Repository,Deleted
 Academic dissertations. rbgenr,821115s1793####pau#####b#####000#0#eng#d,991006907799703851,In Repository,Deleted
 Academic dissertations. rbgenr,940621s1760####pau#####b#####000#0#lat#d,991006735829703851,In Repository,Deleted
 Academic dissertations. rbgenr,810815s1958####fr#a#####bm###000#0#fre##,991008599039703851,In Repository,Active
 Academic dissertations. rbgenr,770223s1933####iaua#####bm###000#0#eng##,991013253999703851,In Repository,Active
 Academic dissertations. rbgenr,690715s1969####azub#####bm###000#0#eng##,991003573509703851,In Repository,Active
 Academic dissertations. rbgenr,820514s1931####sw#a#####bm###000#0#eng##,991007108599703851,In Repository,Deleted
 Academic dissertations. rbgenr,860714s1983####sz#af####bm###001#0#fre##,991011891519703851,In Repository,Active
 Academic dissertations. rbgenr,760520s1939####enka#####bm###000#0#eng##,991005773349703851,In Repository,Active
 Academic dissertations. rbgenr,850903r19851983miuab###rbm###000#0#eng#d,991005192779703851,In Repository,Active
 Academic dissertations. rbgenr,750620s1962####enkfh####b####001#0#eng##,991003453449703851,In Repository,Active
 Academic dissertations. rbgenr,790219s1858####fr######cb####000#0#fre#d,991006389639703851,In Repository,Active
 Academic dissertations. rbgenr,790725s1978####sw#######bm###000#0#eng##,991009060109703851,In Repository,Active
 Academic dissertations. rbgenr,770113s1974####maua#####bm###000#0#eng#d,991005121449703851,In Repository,Active
 Academic dissertations. rbmscv,810724s1794####pau#####b#####000#0#lat#d,991006231269703851,In Repository,Deleted
 Academic dissertations. rbmscv,820520s1796####pau#####b#####000#0#eng#d,991006818469703851,In Repository,Deleted
 Academic dissertations. rbmscv,820525s1794####nyu#####b#####000#0#eng#d,991006818189703851,In Repository,Deleted
 Academic dissertations. rbmscv,820819s1798####pau#####b#####000#0#eng#d,991006823469703851,In Repository,Deleted
 Academic dissertations. rbmscv,821006s1792####pau#####b#####000#0#eng#d,991006812339703851,In Repository,Deleted
 Academic dissertations. rbmscv,850906s1771####nyu#####b#####000#0#eng#d,991006699339703851,In Repository,Deleted
 Academic dissertations. rbmscv,830606s1793####nyu#####b#####000#0#eng#d,991006845939703851,In Repository,Deleted
 Academic dissertations. rbmscv,840214s1792####pau#####b#####000#0#eng#d,991006812369703851,In Repository,Deleted
 Accordion fold format (Binding) . rbgenr,190730s2018####caua##########000#0#eng#d,991017856143003851,In Repository,Active
 Accordion fold format (Binding) 2011. rbbin,120223s2011####mnua##########000#0#eng#c,991001457679703851,In Repository,Active
 Accordion fold format (Binding) California Richmond 2013. rbgenr,130918s2013####caua##########000#0#eng#c,991017473844203851,In Repository,Active
 Accordion fold format (Binding) rbbin,160803t20142014vaua##########000#0#eng#d,991001462779703851,In Repository,Active
 Accordion fold format (Binding) rbbin,190314s2018####paua##########000#0#eng#d,991018966478803851,In Repository,Active
 Accordion fold format (Binding) rbbin,191103s2019####caua##########000#0#eng#c,991018207246903851,In Repository,Active
 Accordion fold format (Binding) rbmscv,990316t19981998iluao#########000#0#eng#d,991011238619703851,In Repository,Active
 Accordion fold format (Binding) rbmscv,190614s2018####nyu###########000#0dkor#d,991017699347803851,In Repository,Active
 Accordion fold format rbmscv,211112s2020####paua##########000#0#eng#d,991018125637903851,In Repository,Active
 Accordion fold format. rbbin,100122s2007####maua##########000#0#eng#d,991000932119703851,In Repository,Active
 Accordion fold format. rbgenr,211013t20212021nyua#####b####000#e#eng#c,991018933776703851,In Repository,Active
 Accordion fold format. rbmscv,171019s2017####be#a##########000#0#eng#d,991017300446703851,In Repository,Active
 Accordion fold format. rbmscv,181116t20182018caua##########000#0deng#d,991017731645503851,In Repository,Active
 Accordion fold format. rbmscv,170801t20172017nyua##########000#0#eng#c,991017611345903851,In Repository,Active
 Accordion fold format. rbmscv,190111t20192019caua##########000#p#eng#d,991017695941503851,In Repository,Active
 Accordion fold format. rbmscv,250203t19861986caua##########000#p#eng#d,991004091159703851,In Repository,Active
 Accordion fold format. rbmscv,231003s2023####cauab#########000#0#eng#c,991019054478303851,In Repository,Active
 Accordion fold format. rbmscv,880729t19881988nyua##########000#0#eng#d,991011462819703851,In Repository,Active
 Acrostics. rbgenr,840412q17191720maua####b#####000#0#eng#d,991007185279703851,In Repository,Deleted
 Acrostics. rbmscv,821229s1791####mau#####b#####000#0#eng#d,991006186229703851,In Repository,Deleted
 Acrostics. rbmscv,821229s1792####mau#####b#####000#0#eng#d,991006186269703851,In Repository,Deleted
 Acrostics. rbmscv,821229s1792####mau#####b#####000#0#eng#d,991006865279703851,In Repository,Deleted
 Acrostics. rbmscv,821229s1795####nhu#####b#####000#0#eng#d,991006186349703851,In Repository,Deleted
 Acrostics. rbmscv,821229s1792####riu#####b#####000#0#eng#d,991006186309703851,In Repository,Deleted
 Acting editions England London 20th century. rbgenr,720728s1954####enka##########000#d#eng##,991018934473803851,In Repository,Active
 Acting editions Massachusetts Boston 19th century. rbgenr,731129s1892####mau###########000#d#eng#d,991003406889703851,In Repository,Active
 Acting editions Massachusetts Boston 19th century. rbgenr,790212s1915####mau###########000#0#eng##,991003400989703851,In Repository,Active
 Acting editions Massachusetts Boston 19th century. rbgenr,850718s1856####mau###########000#d#eng#c,991012652209703851,In Repository,Active
 Acting editions New York (State) New York 1976. rbgenr,760625s1976####enk###########000#0#eng##,991018933777703851,In Repository,Active
 Acting editions New York (State) New York 19th century. rbgenr,960805s1874####nyu###########000#0#eng#d,991012656069703851,In Repository,Active
 Acting editions New York (State) New York 19th century. rbgenr,970725s1868####nyucf####d####000#d#eng#d,991005060349703851,In Repository,Active
 Acting editions New York (State) New York 19th century. rbgenr,790514s1958####nyu###########000#0#eng##,991012652439703851,In Repository,Active
 Acting editions New York (State) New York 19th century. rbgenr,830325s1901####nyucf#########000#0#eng##,991005058609703851,In Repository,Active
 Acting editions New York (State) New York 19th century. rbgenr,830906s185u####nyu###########000#d#eng#d,991012465029703851,In Repository,Active
 Acting editions New York (State) New York 19th century. rbgenr,920103q18571878nyu###########000#0#eng#d,991003457009703851,In Repository,Active
 Acting editions New York (State) New York 19th century. rbgenr,790525s1865####nyu###########000#d#eng#d,991001777019703851,In Repository,Active
 Acting editions. rbgenr,801106s1800####nyuae#########000#0#eng##,991001759999703851,In Repository,Active
 Acting editions. rbgenr,781202s1856####nyu###########000#0#eng##,991012656169703851,In Repository,Active
 Acting editions. rbgenr,950519s1846####nyu###########000#0#eng#d,991012643979703851,In Repository,Active
 Acting editions. rbgenr,790514s1958####nyu###########000#0#eng##,991012652439703851,In Repository,Active
 Acting editions. rbgenr,960529s1850####nyu###########000#0#eng#d,991003456699703851,In Repository,Active
 Acting editions. rbgenr,790405s185u####nyu###########000#d#eng#d,991012877019703851,In Repository,Active
 Acting editions. rbgenr,960306s1846####nyu###########000#0#eng#d,991012645829703851,In Repository,Active
 Acting editions. rbgenr,880701s1897####maueg#########000#0#eng#d,991003326699703851,In Repository,Active
 Acting editions. rbgenr,730116s1958####nyu###########000#d#eng##,991014105589703851,In Repository,Active
 Acting editions. rbgenr,680411s1968####nyua##########000#d#eng##,991008689439703851,In Repository,Active
 Addresses 1887. rbgenr,991207s1887####mau###########100#0#eng#d,991003393449703851,In Repository,Active
 Addresses 21st century. rbgenr,060130t20052005ctu######b####100#0#eng#d,991001610179703851,In Repository,Active
 Addresses United States 1851. rbgenr,740618s1851####dcu###########000#0#eng##,991003267469703851,In Repository,Active
 Addresses Vietnam (Democratic Republic) 20th century. rbgenr,891024s1965####vm############000#0#eng##,991012734409703851,In Repository,Active
 Addresses. rbgenr,061218s1907####enk###########000#s#eng##,991018223349503851,In Repository,Active
 Addresses. rbgenr,810815s1920####mdu###########001#0#eng##,991010510119703851,In Repository,Active
 Addresses. rbgenr,721025s1964####lau######b####000#0#eng##,991003467059703851,In Repository,Active
 Addresses. rbmscv http://id.loc.gov/vocabulary/rbmscv/cv00038,750724s1874####mauc##########010#0#eng##,991006183079703851,In Repository,Active
 Adhesive bindings (Binding) rbmscv,740115r19731896nyua##########000#0cenm##,991011010829703851,In Repository,Active
 Adhesive bindings. rbmscv,740115r19731896nyua##########000#0cenm##,991011010829703851,In Repository,Active
 Adhesive bindings. rbmscv,060130t20052005ctu######b####100#0#eng#d,991001610179703851,In Repository,Active
 Advance copies (Printing) 20th century. rbpri,950809t19961996nyu###########000#f#eng##,991004324899703851,In Repository,Active
 Advance copies (Printing) 20th century. rbpri,820507t19821982nyu###########000#f#eng##,991010381449703851,In Repository,Active
 Advance copies (Printing) rbpri,841205s1985####nyu###########000#1#eng##,991011441789703851,In Repository,Active
 Advance copies (Printing) rbpri,931104t19951995nyua###j######000#1#eng##,991004982969703851,In Repository,Active
 Advance copies (Printing) rbpri,040402s2004####mau###########000#1#eng##,991014070039703851,In Repository,Active
 Advance copies (Printing) rbpri,010503s2001####mau###########000#1#eng##,991010841579703851,In Repository,Active
 Advance copies (Printing) rbpri,770928t19781978nyu###########000#f#eng##,991010238459703851,In Repository,Active
 Advance copies (Printing) rbpri,000313t20002000nyua#####ak###000#0#eng#d,991014422569703851,In Repository,Active
 Advance copies (Printing) rbpri,821108t19171917nyucf#########000#0#eng##,991002842479703851,In Repository,Active
 Advance copies (Printing) rbpri,091005s2010####nyu######b####000#p#eng##,991005485979703851,In Repository,Active
 Advance copies (Printing) rbpri,050223s2005####nyu###########000#1#eng##,991014495539703851,In Repository,Active
 Advance copies (Printing) rbpri,150213s2015####nyu###########000#1#eng##,991019458993103851,In Repository,Active
 Advance copies (Printing) rbpri CtY-BR,730309s1950####nyuc#####b####001#0aeng##,991006108009703851,In Repository,Active
 Advance copies (Publishing) rbpub,940610s1994####nyua###e#b####001#0beng##,991015090659703851,In Repository,Active
 Advance copies (Publishing) rbpub,820420s1982####mau###########000#0#eng##,991012760509703851,In Repository,Active
 Advance copies (Publishing) rbpub,870303s1987####nyu###########000#1#eng##,991012653039703851,In Repository,Active
 Advance copies (Publishing) rbpub,070116t20072007nyuabcf##b####001#0deng##,991001090999703851,In Repository,Active
 Advance copies (Publishing) rbpub CU-BANC,140619s2014####nyuab####b####001#0#eng##,991004490789703851,In Repository,Active
 Advance copies. rbpri,980429s1937####mauacfh##b####001#0#eng#d,991012817639703851,In Repository,Active
 Advance copies. rbpri,011127t20022002nyu####j######000#1#eng##,991011610569703851,In Repository,Active
 Advance copy (Printing) rbpri,160920t20172017nyua##########000#1#eng##,991017398527003851,In Repository,Active
 Advertisement United States New York 19th century. rbgenr,750718t18791879nyu###########000#f#eng##,991005281959703851,In Repository,Active
 Advertisements 20th century. rbmscv,770512s1908####okuac#########000#f#eng##,991004466899703851,In Repository,Active
 Advertisements Artists' materials. rbgenr,790629s1819####mduaf#########000#0#eng#d,991002504289703851,In Repository,Active
 Advertisements Auctions. rbgenr,820410s1773####mau#####b#####000#0#eng#d,991006397339703851,In Repository,Deleted
 Advertisements Auctions. rbmscv,820410s1773####mau#####b#####000#0#eng#d,991006397339703851,In Repository,Deleted
 Advertisements Bandages and bandaging. rbmscv,850820s1775####nyu#####b#####000#0#eng#d,991007262479703851,In Repository,Deleted
 Advertisements Barbers. rbgenr,840404q16971698mau#####b#####000#0#eng#d,991007207549703851,In Repository,Deleted
 Advertisements Bookbinding. rbgenr,940621s1775####maua####b#####000#0#eng#d,991006790139703851,In Repository,Deleted
 Advertisements Books New York 1974. rbgenr,781031s1974####nyu###########000#0#eng##,991007923779703851,In Repository,Active
 Advertisements Boston 19th century. rbgenr,730629t18731873mau###########000#f#eng##,991009951039703851,In Repository,Active
 Advertisements Brass founding. rbgenr,870402s1719####nyua####b#####000#0#eng#d,991005815019703851,In Repository,Deleted
 Advertisements Copperwork. rbgenr,860113s1797####vau#####b#####000#0#eng#d,991006790259703851,In Repository,Deleted
 Advertisements Curiosities and wonders. rbgenr,860515s1797####mau#####b#####000#0#eng#d,991007061259703851,In Repository,Active
 Advertisements Drugs. rbgenr,840611s1697####nyu#####b#####000#0#eng#d,991006989049703851,In Repository,Deleted
 Advertisements Drugs. rbgenr,820609s1772####mau#####b#####000#0#eng#d,991006559599703851,In Repository,Deleted
 Advertisements Drugs. rbgenr,860220s179u####nyu#####b#####000#0#eng#d,991006954579703851,In Repository,Deleted
 Advertisements Drugs. rbgenr,861120s1784####nyu#####b#####000#0#eng#d,991007063019703851,In Repository,Active
 Advertisements Drugs. rbgenr,851021s1771####pau#####bc####000#0#lat#d,991007081049703851,In Repository,Deleted
 Advertisements Drugs. rbgenr,820916s1783####mau#####b#####000#0#eng#d,991006279119703851,In Repository,Deleted
 Advertisements Dry-goods. rbgenr,810930q17821795mau#####b#####000#0#eng#d,991006092329703851,In Repository,Deleted
 Advertisements Dry-goods. rbgenr,810904s1790####riu#####b#####000#0#eng#d,991006622159703851,In Repository,Deleted
 Advertisements Dry-goods. rbgenr,850909s1799####vau#####b#####000#0#eng#d,991006525599703851,In Repository,Deleted
 Advertisements England Leeds 19th century. rbmscv,820611s1886####enka##########001#0#eng#d,991002223179703851,In Repository,Active
 Advertisements England London 17th century. rbmscv,870415s1695####enkcf#########000#0#eng##,991003066939703851,In Repository,Active
 Advertisements England London 1855. rbgenr,770209m18551857enka##########000#f#eng##,991012085129703851,In Repository,Active
 Advertisements England London 18th century. rbgenr,841201s1783####enkaf#########000#0#eng##,991003019709703851,In Repository,Active
 Advertisements England London 19th century. rbgenr,770406s1892####enkaf#########000#0aeng#d,991002592219703851,In Repository,Active
 Advertisements England London 19th century. rbgenr,720222s1863####enkacf###b####001#0beng##,991004288459703851,In Repository,Active
 Advertisements England London 19th century. rbgenr,830317s1901####enk###########000#0#eng##,991004812399703851,In Repository,Active
 Advertisements England London 19th century. rbgenr,811201s1820####enka##########000#0#eng#d,991001942839703851,In Repository,Active
 Advertisements England London 19th century. rbgenr,760527s1881####enkaf#########000#0#eng#d,991003087489703851,In Repository,Active
 Advertisements England London 19th century. rbgenr,920506s1864####enk###########000#0#eng#d,991002611059703851,In Repository,Active
 Advertisements England London 19th century. rbmscv,790322s1852####enka##########000#0#eng#d,991004052879703851,In Repository,Active
 Advertisements England London 19th century. rbmscv,790628s1898####enka##########000#0#eng##,991003963459703851,In Repository,Active
 Advertisements England London 19th century. rbmscv,791115s1857####enkc##########000#0#eng##,991003618419703851,In Repository,Active
 Advertisements England London 19th century. rbmscv,850614s1882####enka##########000#0#eng#d,991003933629703851,In Repository,Active
 Advertisements England London 19th century. rbmscv,900123s1883####enkac#########000#0#eng#d,991001921489703851,In Repository,Active
 Advertisements England London 19th century. rbmscv,760310s1885####enka##########001#0#eng##,991003006829703851,In Repository,Active
 Advertisements England London 19th century. rbmscv,780726m18671868enkabf########000#0#eng##,991005727279703851,In Repository,Active
 Advertisements England London 19th century. rbmscv,761019s1821####enk###########000#1#eng#d,991019474656103851,In Repository,Active
 Advertisements England London 19th century. rbmscv,930120s1805####enkaf####f####001#0#eng#d,991004172879703851,In Repository,Active
 Advertisements England London 20th century. rbgenr,780417s1909####enkaf####e####000#0#eng#d,991003455099703851,In Repository,Active
 Advertisements England London 20th century. rbgenr,221207s1908####enkaf#########000#0#eng#d,991012067069703851,In Repository,Active
 Advertisements England London 20th century. rbmscv,790504s1907####enkcf#########000#0#eng#c,991002281029703851,In Repository,Active
 Advertisements England London 20th century. rbmscv,790529s1900####enkaf#########000#0#eng##,991003963339703851,In Repository,Active
 Advertisements England London 20th century. rbmscv,790529s1903####enkaf#########000#0#eng#c,991003963419703851,In Repository,Active
 Advertisements England London 20th century. rbmscv,810920s1926####enk###########000#0#eng##,991002642609703851,In Repository,Active
 Advertisements England London 20th century. rbmscv,890817nuuuuuuuuenk###########000#0#eng#d,991003120149703851,In Repository,Active
 Advertisements England London 20th century. rbmscv,711027s1915####enk###########000#d#eng##,991005425289703851,In Repository,Active
 Advertisements Exhibitions. rbgenr,810904s1797####riu#####b#####000#0#eng#d,991006384299703851,In Repository,Deleted
 Advertisements Exhibitions. rbmscv,860515s1793####riu#####b#####000#0#eng#d,991007063889703851,In Repository,Active
 Advertisements Fairs. rbgenr,840402q16961697maua####b#####000#0#eng#d,991006648149703851,In Repository,Deleted
 Advertisements Footwear. rbgenr,850924s1769####pau#####b#####000#0#eng#d,991006986719703851,In Repository,Deleted
 Advertisements France Paris 19th century. rbgenr,820626s1886####fr#a#####b####000#0#fre##,991003974799703851,In Repository,Active
 Advertisements France Paris 19th century. rbmscv,770726m18881892fr#######b####000#0#fre##,991002355819703851,In Repository,Active
 Advertisements Germany Munich 20th century. rbmscv,750716t19331933gw############000#1#ger##,991001873049703851,In Repository,Active
 Advertisements Great Britain London 20th century. rbgenr,810622s1940####enkaf####b####000#0#eng##,991005487779703851,In Repository,Active
 Advertisements Great Britain London 20th century. rbmscv,800417s1914####enka##########000#0#eng#d,991006081059703851,In Repository,Active
 Advertisements Hardware. rbgenr,810904s1790####riu#####b#####000#0#eng#d,991006622159703851,In Repository,Deleted
 Advertisements Illinois Chicago 19th century. rbmscv,800612s1876####ilua##########001#0#eng#d,991001896929703851,In Repository,Active
 Advertisements Iron. rbgenr,940621s1768####mau#####b#####000#0#eng#d,991006162189703851,In Repository,Deleted
 Advertisements Iron. rbgenr,940621s1768####mau#####b#####000#0#eng#d,991006411289703851,In Repository,Deleted
 Advertisements Jewelry. rbgenr,860113s1794####vau#####b#####000#0#eng#d,991006986529703851,In Repository,Deleted
 Advertisements Libraries. rbgenr,840208s1778####pau#####bf####000#0deng#d,991007238879703851,In Repository,Deleted
 Advertisements Lotteries. rbgenr,861006s1771####pau#####b#####000#0#eng#d,991005820929703851,In Repository,Deleted
 Advertisements Maryland Baltimore 1932. rbgenr,880608s1932####mduab#########000#0#eng#d,991002749659703851,In Repository,Active
 Advertisements Massachusetts Boston 19th century. rbgenr,820428s1892####mauabce##b####001#0#eng##,991003292109703851,In Repository,Active
 Advertisements Massachusetts Boston 19th century. rbgenr,850613s1817####mau###########000#0#eng#d,991005208199703851,In Repository,Active
 Advertisements Massachusetts Boston 19th century. rbmscv,730629t18731873mau###########000#f#eng##,991009951039703851,In Repository,Active
 Advertisements Massachusetts Boston 19th century. rbmscv,820428s1892####mauabce##b####001#0#eng##,991003292109703851,In Repository,Active
 Advertisements Massachussets Boston 19th century. rbgenr,830524s1872####mauab#########000#0#eng##,991003308339703851,In Repository,Active
 Advertisements New Jersey Newark 20th century. rbgenr,721215s1972####nju###########000#0#eng##,991007582699703851,In Repository,Active
 Advertisements New York (State) 19th century. rbmscv,750728s1894####nyuaf#########000#0#eng##,991003236419703851,In Repository,Active
 Advertisements New York (State) 19th century. rbmscv,770510s1886####nyua##########000#0#eng##,991001889849703851,In Repository,Active
 Advertisements New York (State) 19th century. rbmscv,780109s1862####nyuaf#########000#0#eng#c,991002370079703851,In Repository,Active
 Advertisements New York (State) 19th century. rbmscv,780113s1892####nyua##########000#0#eng##,991002390379703851,In Repository,Active
 Advertisements New York (State) 19th century. rbmscv,820626s1878####nyu###########000#0#eng##,991003384529703851,In Repository,Active
 Advertisements New York (State) 19th century. rbmscv,750923s1891####nyuacf########000#0#eng##,991004807509703851,In Repository,Active
 Advertisements New York (State) 19th century. rbmscv,750602m18511852nyua##########001#0#eng##,991003370469703851,In Repository,Active
 Advertisements New York (State) 19th century. rbmscv,790611s1892####nyu###########000#0#eng#d,991004948689703851,In Repository,Active
 Advertisements New York (State) 19th century. rbmscv,750212s1858####nyuaf#########000#0#eng##,991006251549703851,In Repository,Active
 Advertisements New York (State) 19th century. rbmscv,741104s1890####nyu###########000#f#eng##,991009930499703851,In Repository,Active
 Advertisements New York (State) 20th century. rbmscv,750904s1918####nyu###########000#0#eng##,991005274279703851,In Repository,Active
 Advertisements New York (State) 20th century. rbmscv,730402s1913####nyu###########000#p#eng##,991005425139703851,In Repository,Active
 Advertisements New York (State) 20th century. rbmscv,750924s1905####vp#cf#########000#0#eng##,991003932679703851,In Repository,Active
 Advertisements New York (State) 20th century. rbmscv,791218s1966####nyu###########000#m#eng##,991017436447103851,In Repository,Active
 Advertisements New York (State) 20th century. rbmscv,770920s1930####nyucfh###b####001#0beng##,991005098639703851,In Repository,Active
 Advertisements New York (State) 20th century. rbmscv,720330s1860####nyu###########000#1#eng##,991011582099703851,In Repository,Active
 Advertisements New York (State) 20th century. rbmscv,830613t19021902nyuaf#########000#f#eng##,991006208839703851,In Repository,Active
 Advertisements New York (State) 20th century. rbmscv,750804s1918####nyu###########000#0#eng##,991008639759703851,In Repository,Active
 Advertisements New York (State) 20th century. rbmscv,770122s1939####nyu###########000#0#eng##,991008640029703851,In Repository,Active
 Advertisements New York (State) New York 19th century. rbmscv,780203s1873####nyu###########000#0#eng##,991003828989703851,In Repository,Active
 Advertisements New York 19th century. rbgenr,741104s1890####nyu###########000#f#eng##,991009930499703851,In Repository,Active
 Advertisements New York New York 19th century. rbgenr,790611s1892####nyu###########000#0#eng#d,991004948689703851,In Repository,Active
 Advertisements New York New York 19th century. rbgenr,800626s1854####nyucf#########000#0ceng#d,991011126429703851,In Repository,Active
 Advertisements New York New York 19th century. rbgenr,860401u18uuuuuunyuar#########0###a0eng#d,991004077929703851,In Repository,None
 Advertisements New York New York 19th century. rbgenr,790628s18uu####nyu###########000#0#eng#d,991001757239703851,In Repository,Active
 Advertisements New York New York 19th century. rbgenr,721011m18541856nyuc##########000#0#eng##,991003334849703851,In Repository,Active
 Advertisements New York New York 19th century. rbgenr,750212s1858####nyuaf#########000#0#eng##,991006251549703851,In Repository,Active
 Advertisements New York New York 19th century. rbgenr,040519t18801879nyua##########000#0#eng#d,991003801369703851,In Repository,Active
 Advertisements New York New York 20th century. rbgenr,730605s1935####nyua##########000#0beng##,991005099199703851,In Repository,Active
 Advertisements New York New York 20th century. rbgenr,770920s1930####nyucfh###b####001#0beng##,991005098639703851,In Repository,Active
 Advertisements New York New York 20th century. rbgenr,720330s1860####nyu###########000#1#eng##,991011582099703851,In Repository,Active
 Advertisements New York New York 20th century. rbgenr,750804s1918####nyu###########000#0#eng##,991008639759703851,In Repository,Active
 Advertisements New York New York 20th century. rbgenr,770122s1939####nyu###########000#0#eng##,991008640029703851,In Repository,Active
 Advertisements Newspapers. rbgenr,820805s1771####maua####b#####000#0#eng#d,991007250129703851,In Repository,Deleted
 Advertisements Painting. rbgenr,850821s1792####mdu#####b#####000#0#eng#d,991006458579703851,In Repository,Deleted
 Advertisements Paper-making and trade. rbgenr,940621s1770####ctu#####b#####000#0#eng#d,991006609929703851,In Repository,Deleted
 Advertisements Paper-making and trade. rbgenr,810629s1763####mau#####b#####000#0#eng#d,991007188209703851,In Repository,Deleted
 Advertisements Paper-making and trade. rbgenr,940621s1768####mau#####b#####000#0#eng#d,991006162189703851,In Repository,Deleted
 Advertisements Paper-making and trade. rbgenr,940621s1768####mau#####b#####000#0#eng#d,991006411289703851,In Repository,Deleted
 Advertisements Paper-making and trade. rbgenr,940621s1770####mau#####b#####000#0#eng#d,991006162279703851,In Repository,Deleted
 Advertisements Patent medicines. rbgenr,840328q16891690mau#####b#####000#0#eng#d,991007207309703851,In Repository,Deleted
 Advertisements Patent medicines. rbgenr,860220s179u####nyu#####b#####000#0#eng#d,991006954579703851,In Repository,Deleted
 Advertisements Patent medicines. rbgenr,861120s1784####nyu#####b#####000#0#eng#d,991007063019703851,In Repository,Active
 Advertisements Patent medicines. rbgenr,810929q17991814ctua####b#####000#0#eng#d,991006954279703851,In Repository,Deleted
 Advertisements Patent medicines. rbgenr,810929q17991814ctua####b#####000#0#eng#d,991006954309703851,In Repository,Deleted
 Advertisements Patent medicines. rbgenr,850513s1790####ctu#####b#####000#0#eng#d,991006954249703851,In Repository,Deleted
 Advertisements Patent medicines. rbgenr,851127s1790####pau#####b#####000#0#ger#d,991006254379703851,In Repository,Deleted
 Advertisements Patent medicines. rbgenr,851220s1751####pau#####b#####000#0#ger#d,991007029369703851,In Repository,Active
 Advertisements Patent medicines. rbgenr,851227s1796####mdu#####b#####000#0#ger#d,991006954329703851,In Repository,Deleted
 Advertisements Patent medicines. rbgenr,860612s179u####pau#####b#####000#0#ger#d,991006745629703851,In Repository,Deleted
 Advertisements Patent medicines. rbgenr,870203s1797####nju#####b#####000#0#eng#d,991006190469703851,In Repository,Deleted
 Advertisements Patent medicines. rbgenr,810615s1800####nhu#####b#####000#0#eng#d,991006823569703851,In Repository,Deleted
 Advertisements Patent medicines. rbgenr,851021s1771####pau#####bc####000#0#lat#d,991007081049703851,In Repository,Deleted
 Advertisements Patent medicines. rbgenr,850909s1799####vau#####b#####000#0#eng#d,991006525599703851,In Repository,Deleted
 Advertisements Pennsylvania Philadelphia 19th century. rbgenr,820518t18971897mauaf####f####001#0#eng#d,991002390679703851,In Repository,Active
 Advertisements Pennsylvania Philadelphia 19th century. rbgenr,790307s1847####paubf#########000#0deng##,991008779709703851,In Repository,Active
 Advertisements Pennsylvania Philadelphia 19th century. rbmscv,791120s1844####pauaf####b####000#0#eng##,991011934789703851,In Repository,Active
 Advertisements Pennsylvania Philadelphia 19th century. rbmscv,830906s1866####pauac#########000#0#eng#c,991004088079703851,In Repository,Active
 Advertisements Pennsylvania Philadelphia 19th century. rbmscv,790307s1847####paubf#########000#0deng##,991008779709703851,In Repository,Active
 Advertisements Pennsylvania Philadelphia 19th century. rbmscv,750912s1857####paua##########001#0#eng##,991013359199703851,In Repository,Active
 Advertisements Pennsylvania Philadelphia 20th century. rbgenr,811121s1949####pau######b####000#0#eng##,991006080029703851,In Repository,Deleted
 Advertisements Pennsylvania Philadelphia 20th century. rbgenr,740328s1949####pau######b####001#0#eng##,991003844769703851,In Repository,Active
 Advertisements Pennsylvania Philadelphia 20th century. rbgenr,680126s1966####pau######b####000#0#eng##,991008587599703851,In Repository,Active
 Advertisements Pennsylvania Philadelphia 20th century. rbgenr,770525s1955####pau###########000#0#eng##,991004936099703851,In Repository,Active
 Advertisements Pennsylvania Philadelphia 20th century. rbmscv,721005s1926####paucf#########000#0#eng#c,991008207719703851,In Repository,Active
 Advertisements Pennsylvania Philadelphia 20th century. rbmscv,750331s1951####pauh#####b####001#0#eng##,991007123429703851,In Repository,Active
 Advertisements Pennsylvania Philadelphia 20th century. rbmscv,680126s1966####pau######b####000#0#eng##,991008587599703851,In Repository,Active
 Advertisements Pennsylvania Philadelphia 20th century. rbmscv,810622s1955####pau######b####000#0#eng##,991006130799703851,In Repository,Active
 Advertisements Pennsylvania Philadelphia 20th century. rbmscv,810622s1955####pau######b####000#0#eng##,991006130799703851,In Repository,Deleted
 Advertisements Plants. rbgenr,820720s1785####pau#####b#####001#0#eng#d,991007144919703851,In Repository,Deleted
 Advertisements Postal service. rbgenr,851031s1790####dcu#####b#####000#0#eng#d,991006456509703851,In Repository,Deleted
 Advertisements Printing. rbgenr,940621s1766####mau#####b#####000#0#eng#d,991007452519703851,In Repository,Active
 Advertisements Printing. rbgenr,940621s1775####maua####b#####000#0#eng#d,991006790139703851,In Repository,Deleted
 Advertisements Printing. rbgenr,940621s1794####nyu#####b#####000#0aeng#d,991006197159703851,In Repository,Deleted
 Advertisements Real property. rbgenr,860326s1792####vau#####b#####000#0#eng#d,991006915339703851,In Repository,Deleted
 Advertisements Scotland Glasgow 20th century. rbmscv,731218r19051625stkabch#######000#0#eng#d,991003520769703851,In Repository,Active
 Advertisements Shipping. rbgenr,860220s1784####scu#####b#####000#0#eng#d,991006839429703851,In Repository,Deleted
 Advertisements Stationery. rbgenr,880809s1795####nyu#####bl####000#0#eng#d,991006958519703851,In Repository,Deleted
 Advertisements Stationery. rbgenr,810615s1784####pau#####b#####000#0#eng#d,991006937759703851,In Repository,Deleted
 Advertisements Stationery. rbgenr,830506s1793####maua####bc####000#0#eng#d,991006396789703851,In Repository,Deleted
 Advertisements Stationery. rbgenr,850107s1800####maua####b#####000#0#eng#d,991006031699703851,In Repository,Deleted
 Advertisements Stationery. rbgenr,810903s1783####riu#####b#####000#0#eng#d,991006986559703851,In Repository,Deleted
 Advertisements Stocks. rbgenr,810501s1792####pau#####b#####000#0#eng#d,991005918939703851,In Repository,Deleted
 Advertisements Stocks. rbgenr,860109s1792####pau#####b#####000#0#eng#d,991005918999703851,In Repository,Deleted
 Advertisements Stocks. rbmscv,810501s1792####pau#####b#####000#0#eng#d,991005918939703851,In Repository,Deleted
 Advertisements Stocks. rbmscv,860109s1792####pau#####b#####000#0#eng#d,991005918999703851,In Repository,Deleted
 Advertisements Taverns (Inns) rbgenr,810623s1750####mau#####b#####000#0#eng#d,991007189879703851,In Repository,Deleted
 Advertisements United States 20th century. rbgenr,800915c19459999maubx#p###b###0###a0eng#c,991013393029703851,In Repository,Active
 Advertisements United States 20th century. rbgenr,800915c19459999maubx#p###b###0###a0eng#c,991013393029703851,In Repository,Deleted
 Advertisements United States Boston 19th century. rbgenr,820218t18591858mau###########000#p#eng##,991012320969703851,In Repository,Active
 Advertisements United States Boston 19th century. rbgenr,720410s1864####mau###########000#0#eng##,991012066239703851,In Repository,Active
 Advertisements United States Boston 19th century. rbgenr,750730s1892####maua##########001#0#eng##,991006296909703851,In Repository,Deleted
 Advertisements United States Boston 19th century. rbgenr,720403s1852####mau###########000#f#eng##,991004607289703851,In Repository,Active
 Advertisements United States Boston 19th century. rbmscv,730206t18851885mau###########000#f#eng##,991004608459703851,In Repository,Active
 Advertisements United States Boston 19th century. rbmscv,720926s1853####mau###########000#0#eng##,991005245519703851,In Repository,Active
 Advertisements United States Boston 19th century. rbmscv,820218t18591858mau###########000#p#eng##,991012320969703851,In Repository,Active
 Advertisements United States Boston 19th century. rbmscv,740524s1850####mauaf#########000#f#eng##,991004607389703851,In Repository,Active
 Advertisements United States Boston 19th century. rbmscv,720403s1852####mau###########000#f#eng##,991004607289703851,In Repository,Active
 Advertisements United States Boston 19th century. rbmscv,750520s1871####maua##########000#1#eng##,991019241377403851,In Repository,None
 Advertisements United States Boston 20th century. rbmscv,750731s1921####mau###########000#0#eng##,991005274359703851,In Repository,Active
 Advertisements United States New York 19th century. rbgenr,760216s1871####nyuaf#########000#1#eng##,991019241179203851,In Repository,Active
 Advertisements United States New York 19th century. rbgenr,761112s1880####nyu###########000#1#eng##,991009822529703851,In Repository,Active
 Advertisements United States New York 19th century. rbgenr,760224s1860####nyua##########000#0#eng##,991005218709703851,In Repository,Active
 Advertisements United States New York 19th century. rbgenr,790606s1891####nyu###########000#1#eng##,991009358639703851,In Repository,Active
 Advertisements United States New York 19th century. rbgenr,790606s1891####nyu###########000#1#eng##,991009358639703851,In Repository,None
 Advertisements United States New York 19th century. rbmscv,860806s1806####nyuaf#########000#0#eng##,991005743429703851,In Repository,Active
 Advertisements United States New York 19th century. rbmscv,760216s1871####nyuaf#########000#1#eng##,991019241179203851,In Repository,Active
 Advertisements United States New York 19th century. rbmscv,790606s1891####nyu###########000#1#eng##,991009358639703851,In Repository,Active
 Advertisements United States New York 19th century. rbmscv,790606s1891####nyu###########000#1#eng##,991009358639703851,In Repository,None
 Advertisements United States New York 20th century. rbgenr,731106s1903####nyu######b####000#0#eng##,991003631259703851,In Repository,Active
 Advertisements United States Pasadena 20th century. rbgenr,711105t19201920cau####e######000#1#eng##,991009375009703851,In Repository,Active
 Advertisements United States Pasadena 20th century. rbmscv,711105t19201920cau####e######000#1#eng##,991009375009703851,In Repository,Active
 Advertisements. rbgenr,880516s1787####maua####b#####000#0#eng#d,991006071549703851,In Repository,Deleted
 Advertisements. rbgenr,880516s1792####maua####b#####000#0#eng#d,991006071599703851,In Repository,Deleted
 Advertisements. rbgenr,810814t19691958nyuachj##b####001#0aeng#d,991012797859703851,In Repository,Active
 Advertisements. rbgenr,730108s1962####ctua#####b####001#0beng##,991005702879703851,In Repository,Active
 Advertisements. rbgenr,760821r19771976nyu######b####001#0#eng##,991009140109703851,In Repository,Active
 Advertisements. rbgenr,760821r19771976nyu######b####001#0#eng##,991009140109703851,In Repository,Deleted
 Advertisements. rbgenr,820922m18691974enka#####d####000#0#eng#d,991005974909703851,In Repository,Active
 Advertisements. rbgenr,801201s1901####enk###########000#1#eng#d,991003283959703851,In Repository,Active
 Advertisements. rbgenr,730109s1864####maua##########000#0#eng##,991005117879703851,In Repository,Active
 Advertisements. rbgenr,980303s1922####xnaef#########000#0#eng#d,991002749779703851,In Repository,Active
 Advertisements. rbgenr,780705r19781947nyua#####b####001#0#eng##,991010515789703851,In Repository,Active
 Advertisements. rbgenr,780705r19781947nyua#####b####001#0#eng##,991010515789703851,In Repository,Deleted
 Advertisements. rbgenr,820210s1782####enkabf########000#0#eng#d,991019004582203851,In Repository,Active
 Advertisements. rbgenr,981116s1912####enkacfh##b####000#0beng#d,991012047739703851,In Repository,Active
 Advertisements. rbgenr,900302s1783####enkaf#########000#0#eng#d,991010600659703851,In Repository,Active
 Advertisements. rbmscv,720530r19711863nyua#####b####001#0#eng##,991005898059703851,In Repository,Active
 Advertisements. rbmscv,730208s1952####nyu###########001#0#eng##,991005290949703851,In Repository,Active
 Advertisements. rbmscv,810815s1964####flu###########000#0#eng##,991006345389703851,In Repository,Active
 Advertisements. rbmscv,880601s1881####nyuab#########000#0#eng##,991005783889703851,In Repository,Active
 Advertisements. rbmscv,820626s1857####fr#a#####b####000#0#fre##,991010406059703851,In Repository,Active
 Advertisements. rbmscv,810814t19691958nyuachj##b####001#0aeng#d,991012797859703851,In Repository,Active
 Advertisements. rbmscv,730108s1962####ctua#####b####001#0beng##,991005702879703851,In Repository,Active
 Advertisements. rbmscv,760821r19771976nyu######b####001#0#eng##,991009140109703851,In Repository,Active
 Advertisements. rbmscv,760821r19771976nyu######b####001#0#eng##,991009140109703851,In Repository,Deleted
 Advertisements. rbmscv,780705r19781947nyua#####b####001#0#eng##,991010515789703851,In Repository,Active
 Advertisements. rbmscv,780705r19781947nyua#####b####001#0#eng##,991010515789703851,In Repository,Deleted
 Advertisemnets New York (State) 20th century. rbmscv,780406t19351935nyuabcfg######000#0deng##,991003567349703851,In Repository,Active
 Advertisemnts United States New York 20th century. rbmscv,740211s1914####nyu###########000#0#eng#d,991005179519703851,In Repository,Active
 Advertisments (Publishing) rbpub,890815s1856####nyuc##########000#0#eng#d,991018125647403851,In Repository,Active
 Advertisments Germany Munich 20th century. rbgenr,800715s1933####gw############000#1#ger##,991005624339703851,In Repository,Active
 Allegories. rbgenr,050411s2004####miu096############vlger#d,991014509679703851,In Repository,Active
 Almanacs England London 17th century Manuscripts Facsimiles. rbgenr,070116t20072007dcuah####b####001#0#eng#d,991001993239703851,In Repository,Active
 Almanacs Massachusetts 1770. rbgenr,940621s1770####maua####b#####000#0#eng#d,991007193289703851,In Repository,Deleted
 Almanacs Massachusetts 1773. rbgenr,820713s1772####mauc####b#####000#0#eng#d,991007186989703851,In Repository,Deleted
 Almanacs Massachusetts 1777. rbgenr,940621s1776####mauac###b#####000#0#eng#d,991006549589703851,In Repository,Deleted
 Almanacs Massachusetts 1777. rbgenr,940621s1776####mauac###b#####000#0#eng#d,991007258979703851,In Repository,Deleted
 Almanacs Massachusetts 1781. rbgenr,831117s1780####mauacf##b#####000#0#eng#d,991007206519703851,In Repository,Deleted
 Almanacs Massachusetts 1791. rbgenr,840420s1790####mauac###b#####000#0#eng#d,991006188619703851,In Repository,Deleted
 Almanacs Massachusetts 1796. rbgenr,840509s1795####mau#####b#####001#0#eng#d,991007201019703851,In Repository,Deleted
 Almanacs Massachusetts 19th century. rbgenr,790323c18489999nhuar#########0###a0eng#c,991018954582303851,In Repository,Active
 Almanacs New Hampshire 1788. rbgenr,821025s1787####nhu#####b#####000#0#eng#d,991006375549703851,In Repository,Deleted
 Almanacs New York (State) 1759. rbgenr,840606s1758####nyuab###b#####000#0#eng#d,991006888469703851,In Repository,Deleted
 Almanacs New York (State) 1759. rbgenr,840530s1758####nyuabcf#b#####000#0#eng#d,991007194709703851,In Repository,Deleted
 Almanacs Pennsylvania 1687. rbgenr,811221s1686####pau#####b#####000#0#eng#d,991007184359703851,In Repository,Deleted
 Almanacs Pennsylvania 1793. rbgenr,840712s1792####pau#####bs####000#0#eng#d,991007203769703851,In Repository,Deleted
 Almanacs Pennsylvania 1795. rbgenr,840620s1794####paua####b#####000#0#eng#d,991006174309703851,In Repository,Deleted
 Almanacs. rbgenr,910812s1992####njua#####b####001#0#eng##,991003223359703851,In Repository,Active
 Almanacs. rbgenr,001208s1729####mau###########000#0#eng#d,991000015979703851,In Repository,Active
 Alphabet books 1785. rbmscv,810320s1785####pau####jb#####000#0#eng#d,991006884249703851,In Repository,Deleted
 Alphabet books 1788. rbmscv,810320s1788####pau####jb#####000#0#eng#d,991006542989703851,In Repository,Deleted
 Alphabet books 1944. rbgenr,740613s1944####maua##########000#0#eng##,991005272979703851,In Repository,Active
 Alphabet books 1972. rbgenr,730116s1972####nyua###j######000#0#eng##,991012518309703851,In Repository,Active
 Alphabet books 1973. rbgenr,730314s1973####nyua###j######000#p#eng##,991011742309703851,In Repository,Active
 Alphabet books 1974. rbgenr,740628t19741974nyuab##j#d####000#0#eng##,991011563299703851,In Repository,Active
 Alphabet books 1989. rbgenr,890203t19891989nyua###j######000#1#eng##,991005344439703851,In Repository,Active
 Alphabet books 1990. rbgenr,890905s1990####nyua###j######000#0#eng##,991005437299703851,In Repository,Active
 Alphabet books 1995. rbgenr,950322s1995####nyua###j######000#0#eng##,991005594509703851,In Repository,Active
 Alphabet books 2008. rbgenr,080227t20082008nyua##########000#0#eng##,991011440319703851,In Repository,Active
 Alphabet books Massachusetts Boston 2004. rbgenr,090218t20042004maua##########000#0#eng##,991017655748203851,In Repository,Active
 Alphabet books New York (State) New York 1974. rbgenr,730625s1974####nyua###j######000#0#eng##,991007487539703851,In Repository,Active
 Alphabet books. rbgenr,050930t20042002maua##########000#0#eng#d,991017656049003851,In Repository,Active
 Alphabet books. rbgenr,160813s1969####maua##########000#0#eng#d,991011191119703851,In Repository,Active
 Alphabet books. rbmscv,080227t20082008nyua##########000#0#eng##,991011440319703851,In Repository,Active
 Alphabet rhymes 1973. rbgenr,730314s1973####nyua###j######000#p#eng##,991011742309703851,In Repository,Active
 Alphabet rhymes Massachusetts Boston 1987. rbgenr,870616s1987####maua###j######000#0#eng##,991001606319703851,In Repository,Active
 Alphabets (Primers) 1787. rbgenr,940621s1787####maua###jb#####000#0#eng#d,991006495479703851,In Repository,Deleted
 Alphabets (Primers) 1800. rbgenr,940621s1800####maua###jb#####000#0#eng#d,991006483419703851,In Repository,Deleted
 Alum tawed thongs (Binding) rbbin,221115s1450####it######r#####001#0#lat#d,991018893079903851,In Repository,Active
 Anatomical atlases rbgenr,820221s1949####nyua#####b####000#0#eng##,991005789119703851,In Repository,Active
 Anatomical atlases. rbgenr,830818s1903####gw#af#########000#0#ger#d,991011934569703851,In Repository,Active
 Anatomical atlases. rbgenr,760916s1975####enka#####b####001#0#eng##,991007018559703851,In Repository,Active
 Anatomical atlases. rbgenr,840915s1725####ne#ac#########000#0#lat##,991013155289703851,In Repository,Active
 Annotations (Provenance) 17th century. rbprov MMeT,181019s1676####enkab#########001#0#eng#d,991017398647003851,In Repository,Active
 Annotations (Provenance) 17th century. rbprov MMeT,980108s1588####gw#######b####001#0#lat#d,991017261148203851,In Repository,Active
 Annotations (Provenance) 18th century. rbprov MMeT,001208s1729####mau###########000#0#eng#d,991000015979703851,In Repository,Active
 Annotations (Provenance) rbprov,790207s1794####mau###########000#0#eng##,991012028939703851,In Repository,Active
 Annotations (Provenance) rbprov,190815q14401499it######r#####000#0#lat#d,991017763848503851,In Repository,Active
 Annotations (Provenance) rbprov,170607s1398####it#a####r#####000#0#lat#d,991010322809703851,In Repository,Active
 Annotations (Provenance) rbprov,170607q12401260fr######r#####000#0#lat#d,991001598459703851,In Repository,Active
 Annotations (Provenance) rbprov,170607q14501475gw#a##########000#0#lat#d,991000102739703851,In Repository,Active
 Annotations (Provenance) rbprov,950605s1584####it#a##########001#0#ita#d,991009680839703851,In Repository,Active
 Annotations (Provenance) rbprov,120928q14001450fr#p##########000#0#lat#d,991015177449703851,In Repository,Active
 Annotations (Provenance) rbprov,210430q15631735it######r#####000#0#ita#d,991018215343603851,In Repository,Active
 Annotations (Provenance) rbprov,170811q15501575it#a####r#####000#0#heb#d,991017236340203851,In Repository,Active
 Annotations (Provenance) rbprov,170811q15501575it#a####r#####000#0#heb#d,991017236340203851,In Repository,Deleted
 Annotations (Provenance) rbprov MMeT,891110s1540####it#abce#######001#0#lat#d,991018895180003851,In Repository,Active
 Annotations (Provenance) rbprov MMeT,880322s1647####it#c##########001#0cita#d,991001574199703851,In Repository,Active
 Annotations (Provenance) rbprov MMeT,951009s1543####fr############001#0#lat#d,991005783249703851,In Repository,Active
 Annotations (Provenance) rbprov MMeT,050113m15491550fr#a##########001#0#lat#d,991005644479703851,In Repository,Active
 Annotations (Provenance) rbprov MMeT,870423s155u####sz############001#0#lat#d,991003199279703851,In Repository,Active
 Annotations (Provenance) rbprov MMeT,810223m15191522fr############001#0#lat#d,991000416329703851,In Repository,Active
 Annotations (Provenance) rbprov MMeT,980402s1585####gw#a##########000#0#lat#d,991017567649303851,In Repository,Active
 Annotations (Provenance) rbprov MMeT,800226s1568####sz############000#d#lat#d,991018616871303851,In Repository,Active
 Annotations (Provenance) rbprov MMeT,780428s1860####nyua##########001#0#eng#d,991012159789703851,In Repository,Active
 Annotations (Provenance) rbprov MMeT,780428s1860####nyua##########001#0#eng#d,991012159789703851,In Repository,Deleted
 Annotations (Provenance) rbprov MMeT,920313s1556####sz############001#0#grc#d,991017819742803851,In Repository,Active
 Annotations (Provenance) rbprov MMeT,850826s1664####enk###########000#0#eng#d,991018884569103851,In Repository,Active
 Annotations (Provenance) rbprov MMeT,870309s1656####enkaf#########000#0#eng#d,991001457449703851,In Repository,Active
 Annotations (Provenance) rbprov MMeT,830128s1754####stkcf#########001#0#eng##,991011046189703851,In Repository,Active
 Annotations (Provenance) rbprov MMeT,891006r15851574gw#f##########000#0#ger#d,991017299043403851,In Repository,Active
 Annotations (Provenance) rbprov MMeT,771117s1657####enkbcf########000#0#eng##,991003103679703851,In Repository,Active
 Annotations (Provenance) rbprov MMeT,130128s1654####enk###########001#0#eng#d,991015616099703851,In Repository,Active
 Annotations (Provenance) rbprov MMeT,870917s1712####enk###########000#0#eng#d,991002175889703851,In Repository,Active
 Annotations (Provenance) rbprov MMeT,850816s1671####enkacf########000#0#eng#d,991001840449703851,In Repository,Active
 Annotations (Provenance) rbprov MMeT,000710s1687####enkac#########001#0#eng#d,991000082579703851,In Repository,Active
 Annotations (Provenance) rbprov MMeT,101202s1617####enkab#########000#0#eng#d,991011923269703851,In Repository,Active
 Annotations (Provenance) rbprov MMeT,190621s1585####it############000#0#lat#d,991017712947403851,In Repository,Active
 Annotations (Provenance) rbprov MMeT,801208s1549####enk###########001#0beng#d,991017819742903851,In Repository,Active
 Annotations (Provenance) rbprov MMeT,890725s1810####sp#f##########000#0dspa#d,991017819839303851,In Repository,Active
 Annotations (Provenance) rbprov MMeT,980824s1558####sz############001#0#lat#d,991017473947503851,In Repository,Active
 Annotations (Provenance) rbprov MMeT,221207s1572####gw############001#0#lat#d,991018732237303851,In Repository,Active
 Annotations (Provenance) rbprov MMeT,870416s1476####it#######f####000#0#lat#d,991017232649203851,In Repository,Active
 Annotations (Provenance) rbprov MMeT,820928s1768####ne############001#0dlat#d,991001875049703851,In Repository,Active
 Annotations (Provenance) rbprov MMeT,110830s1731####it############000#0#ita#d,991009521409703851,In Repository,Active
 Annotations (Provenance) rbprov MMeT,190201q18231824xxua##########000#0#eng#d,991001573439703851,In Repository,Active
 Annotations (Provenance) rbprov MMeT,010223s1658####sz#a#####bg###001#0#lat#d,991017261148503851,In Repository,Active
 Annotations (Provenance) rbprov MMeT,830215s1562####it#######b####000#0#lat##,991017232649103851,In Repository,Active
 Annotations (Provenance) rbprov MMeT,960327s1676####sz#ac####b####001#0#lat#d,991017497628903851,In Repository,Active
 Annotations (Provenance) rbprov MMeT,780503s1482####it#a##########000#0#lat#d,991017567849203851,In Repository,Active
 Annotations (Provenance) rbprov MMeT,010720s1728####it#a##########001#0#lat#d,991017860743903851,In Repository,Active
 Annotations (Provenance) rbprov MMeT,840915s1787####enk###########000#0#eng##,991017914647503851,In Repository,Active
 Annotations (Provenance) rbprov MMeT,890503s1519####sz############000#0blat#d,991017819842203851,In Repository,Active
 Annotations (Provenance) rbprov MMeT,750530s1640####enk###########000#0#eng##,991018326248403851,In Repository,Active
 Annotations (Provenance) rbprov MMeT,750530s1640####enk###########000#0#eng##,991018326248403851,In Repository,Deleted
 Annotations (Provenance) rbprov MMeT,980609s1553####fr#ac#########001#0dlat##,991017298944403851,In Repository,Active
 Annotations (Provenance) rbprov MMeT,891116s1750####it#abf########001#0#ita#d,991017470349503851,In Repository,Active
 Annotations (Provenance) rbprov MMeT,850729s1591####it#f##########001#0#ita#d,991017567748303851,In Repository,Active
 Annotations (Provenance) rbprov MMeT,910312s1490####it#a##########000#0#lat##,991017567649403851,In Repository,Active
 Annotations (Provenance) rbprov MMeT,821130s1664####it############000#0#ita#d,991017261148103851,In Repository,Active
 Annotations (Provenance) rbprov MMeT,051004s1569####it#a##########001#0#ita#d,991017398647303851,In Repository,Active
 Annotations (Provenance) rbprov MMeT,060823s1586####fr#######b####001#0#lat#d,991017398947103851,In Repository,Active
 Annotations (Provenance) rbprov MMeT,881207s1600####it#af#########000#0#lat#d,991009684109703851,In Repository,Active
 Annotations (Provenance) rbprov MMeT,841212s1569####it#aef########000#0#ita#d,991017318945503851,In Repository,Active
 Annotations (Provenance) rbprov MMeT,940718s1529####it############000#0#ita#d,991017914447403851,In Repository,Active
 Annotations (Provenance) rbprov MMeT,820421s1540####it#a##########000#0#ita#d,991000172139703851,In Repository,Active
 Annotations (Provenance) rbprov MMeT,960927s1571####it#a##########000#0#ita#d,991003971159703851,In Repository,Active
 Annotations (Provenance) rbprov MMeT,870113s1683####be#ac####b####001#0#lat#d,991017298944503851,In Repository,Active
 Annotations (Provenance) rbprov MMeT,900821s1515####it############000#0#grc#d,991018616974003851,In Repository,Active
 Annotations (Provenance) rbprov MMeT,840503s1606####fr############000#f#spa#d,991017062359703851,In Repository,Active
 Annotations (Provenance) rbprov MMeT,980310s1652####ne############000#0#lat##,991001946769703851,In Repository,Active
 Annotations (Provenance) rbprov MMeT,830608s1606####enk###########000#0#eng##,991006958849703851,In Repository,Active
 Annotations (Provenance) rbprov MMeT,070813s1730####it############000#0#arm#d,991017860743603851,In Repository,Active
 Annotations (Provenance) rbprov MMeT,970412e151309##it############000#0#grc#c,991003362539703851,In Repository,Active
 Annotations (Provenance) rbprov MMeT,780216s1909####scua##########001#0#eng#d,991001840499703851,In Repository,Active
 Annotations (Provenance) rbprov MMeT,180622s1660####it#ac#########001#0#ita#d,991017299043503851,In Repository,Active
 Annotations (Provenance) rbprov MMeT,810608s1535####fr#c##########000#0bfrm#d,991009708019703851,In Repository,Active
 Annotations (Provenance) rbprov MMeT,790201s1619####it#a##########001#0dita#d,991010299029703851,In Repository,Active
 Annotations (Provenance) rbprov MMeT,940718s1506####it#a##########000#0#lat#d,991018215449803851,In Repository,Active
 Annotations (Provenance) rbprov MMeT,951009s1495####it############000#0#lat#d,991017713246603851,In Repository,Active
 Annotations (Provenance) rbprov MMeT,980115s1489####it#a#####b####000#0#lat#d,991001598319703851,In Repository,Active
 Annotations (Provenance) rbprov MMeT,920512s1477####sz############000#0#lat#d,991018897678103851,In Repository,Active
 Annotations (Provenance) rbprov MMeT,871223s1590####it#a##########001#0#ita#d,991017492048103851,In Repository,Active
 Annotations (Provenance) rbprov MMeT,880927s1660####ne#ac#########001#0#lat#d,991018641129503851,In Repository,Active
 Annotations (Provenance) rbprov MMeT,831207s1522####sz############001#0#lat#d,991018215847803851,In Repository,Active
 Annotations (Provenance) rbprov MMeT,840603s1555####fr#a##########000#0#frm##,991018125241103851,In Repository,Active
 Annotations (Provenance) rbprov MMeT,060222s1514####it#ab#########000#0#lat#d,991003009039703851,In Repository,Active
 Annotations (Provenance) rbprov MMeT,791009s1640####ne############001#0#lat#d,991003016989703851,In Repository,Active

